Date,High,Low,Open,Close,Volume,Adj Close
2016-01-04,37.7400016784668,35.29999923706055,37.11000061035156,35.970001220703125,780300.0,35.970001220703125
2016-01-05,36.025001525878906,34.279998779296875,36.0,34.869998931884766,949000.0,34.869998931884766
2016-01-06,35.43000030517578,34.22999954223633,34.9900016784668,34.9900016784668,1010400.0,34.9900016784668
2016-01-07,35.939998626708984,34.31999969482422,34.59000015258789,35.540000915527344,1035800.0,35.540000915527344
2016-01-08,35.72800064086914,32.97999954223633,35.689998626708984,33.2599983215332,1251600.0,33.2599983215332
2016-01-11,33.939998626708984,31.8799991607666,33.56999969482422,32.959999084472656,983800.0,32.959999084472656
2016-01-12,34.18000030517578,32.5,33.2599983215332,33.22999954223633,546200.0,33.22999954223633
2016-01-13,33.790000915527344,30.760000228881836,33.22999954223633,30.899999618530273,879900.0,30.899999618530273
2016-01-14,32.540000915527344,30.166000366210938,30.969999313354492,31.809999465942383,852000.0,31.809999465942383
2016-01-15,32.08000183105469,30.610000610351562,31.010000228881836,32.02000045776367,775200.0,32.02000045776367
2016-01-19,32.970001220703125,30.729999542236328,32.34000015258789,31.040000915527344,657300.0,31.040000915527344
2016-01-20,31.299999237060547,28.329999923706055,30.420000076293945,30.81999969482422,941300.0,30.81999969482422
2016-01-21,32.41999816894531,30.40999984741211,30.579999923706055,31.420000076293945,789300.0,31.420000076293945
2016-01-22,33.04999923706055,31.700000762939453,31.979999542236328,32.29999923706055,780000.0,32.29999923706055
2016-01-25,32.959999084472656,31.09000015258789,32.20000076293945,31.239999771118164,745600.0,31.239999771118164
2016-01-26,31.565000534057617,30.1200008392334,31.25,30.5,553500.0,30.5
2016-01-27,30.729999542236328,28.600000381469727,30.420000076293945,28.780000686645508,1000700.0,28.780000686645508
2016-01-28,29.6200008392334,28.399999618530273,28.8799991607666,29.219999313354492,826600.0,29.219999313354492
2016-01-29,30.649999618530273,29.350000381469727,29.459999084472656,30.149999618530273,635900.0,30.149999618530273
2016-02-01,31.5,29.68000030517578,29.90999984741211,31.34000015258789,755600.0,31.34000015258789
2016-02-02,31.639999389648438,30.75,30.90999984741211,30.899999618530273,935600.0,30.899999618530273
2016-02-03,31.360000610351562,29.979999542236328,31.200000762939453,30.270000457763672,592200.0,30.270000457763672
2016-02-04,31.139999389648438,29.329999923706055,30.110000610351562,30.969999313354492,706100.0,30.969999313354492
2016-02-05,30.950000762939453,26.18000030517578,30.489999771118164,26.510000228881836,1632500.0,26.510000228881836
2016-02-08,25.799999237060547,22.459999084472656,25.790000915527344,24.239999771118164,2697800.0,24.239999771118164
2016-02-09,24.780000686645508,22.420000076293945,23.65999984741211,22.5,2204000.0,22.5
2016-02-10,27.329999923706055,22.510000228881836,27.329999923706055,23.579999923706055,3211500.0,23.579999923706055
2016-02-11,24.450000762939453,22.84000015258789,23.059999465942383,24.360000610351562,1348400.0,24.360000610351562
2016-02-12,25.059999465942383,23.829999923706055,24.780000686645508,24.329999923706055,936000.0,24.329999923706055
2016-02-16,26.225000381469727,24.31999969482422,24.559999465942383,26.040000915527344,988600.0,26.040000915527344
2016-02-17,27.610000610351562,26.110000610351562,26.18000030517578,27.260000228881836,1007000.0,27.260000228881836
2016-02-18,28.139999389648438,27.209999084472656,27.760000228881836,27.809999465942383,1185100.0,27.809999465942383
2016-02-19,28.510000228881836,27.450000762939453,27.719999313354492,27.950000762939453,1039800.0,27.950000762939453
2016-02-22,29.450000762939453,28.149999618530273,28.149999618530273,29.270000457763672,877800.0,29.270000457763672
2016-02-23,29.780000686645508,28.899999618530273,29.15999984741211,29.309999465942383,804900.0,29.309999465942383
2016-02-24,30.389999389648438,28.600000381469727,29.079999923706055,30.209999084472656,844700.0,30.209999084472656
2016-02-25,31.450000762939453,29.969999313354492,30.530000686645508,30.260000228881836,729500.0,30.260000228881836
2016-02-26,32.290000915527344,30.290000915527344,30.600000381469727,31.84000015258789,759400.0,31.84000015258789
2016-02-29,32.59000015258789,31.530000686645508,31.719999313354492,31.8799991607666,565300.0,31.8799991607666
2016-03-01,33.150001525878906,32.040000915527344,32.34000015258789,33.13999938964844,746800.0,33.13999938964844
2016-03-02,33.310001373291016,32.400001525878906,33.0,33.2599983215332,469600.0,33.2599983215332
2016-03-03,33.43000030517578,32.40999984741211,33.119998931884766,32.630001068115234,694600.0,32.630001068115234
2016-03-04,33.189998626708984,31.940000534057617,32.709999084472656,32.709999084472656,462300.0,32.709999084472656
2016-03-07,33.56999969482422,32.09000015258789,32.56999969482422,33.060001373291016,636200.0,33.060001373291016
2016-03-08,33.09000015258789,31.719999313354492,32.84000015258789,31.8799991607666,973300.0,31.8799991607666
2016-03-09,32.43000030517578,31.700000762939453,32.0099983215332,32.310001373291016,556900.0,32.310001373291016
2016-03-10,32.650001525878906,31.100000381469727,32.41999816894531,31.579999923706055,384600.0,31.579999923706055
2016-03-11,32.47999954223633,31.610000610351562,31.84000015258789,32.04999923706055,352800.0,32.04999923706055
2016-03-14,32.869998931884766,31.90999984741211,31.969999313354492,32.7400016784668,247600.0,32.7400016784668
2016-03-15,32.58000183105469,31.34000015258789,32.45000076293945,31.6299991607666,348200.0,31.6299991607666
2016-03-16,32.65999984741211,31.15999984741211,31.34000015258789,32.380001068115234,234800.0,32.380001068115234
2016-03-17,33.70000076293945,32.31999969482422,32.369998931884766,33.470001220703125,421200.0,33.470001220703125
2016-03-18,34.54999923706055,33.35499954223633,33.689998626708984,33.900001525878906,730000.0,33.900001525878906
2016-03-21,34.40999984741211,33.49300003051758,33.88999938964844,34.04999923706055,434100.0,34.04999923706055
2016-03-22,34.20000076293945,33.630001068115234,33.72999954223633,33.939998626708984,193800.0,33.939998626708984
2016-03-23,33.97999954223633,33.439998626708984,33.900001525878906,33.59000015258789,603700.0,33.59000015258789
2016-03-24,33.7599983215332,32.849998474121094,33.310001373291016,33.70000076293945,533700.0,33.70000076293945
2016-03-28,34.5,33.060001373291016,33.7400016784668,34.08000183105469,403400.0,34.08000183105469
2016-03-29,35.18000030517578,33.65999984741211,33.9900016784668,35.02000045776367,283100.0,35.02000045776367
2016-03-30,35.79999923706055,34.9900016784668,35.29999923706055,35.2400016784668,388600.0,35.2400016784668
2016-03-31,35.88999938964844,34.95000076293945,35.18000030517578,35.599998474121094,352500.0,35.599998474121094
2016-04-01,35.790000915527344,34.93000030517578,35.290000915527344,35.43000030517578,389100.0,35.43000030517578
2016-04-04,36.310001373291016,35.02299880981445,35.380001068115234,35.79999923706055,302300.0,35.79999923706055
2016-04-05,35.560001373291016,34.369998931884766,35.45000076293945,34.43000030517578,493600.0,34.43000030517578
2016-04-06,35.650001525878906,34.347999572753906,34.5099983215332,35.52000045776367,517000.0,35.52000045776367
2016-04-07,35.4900016784668,33.959999084472656,35.130001068115234,34.150001525878906,473400.0,34.150001525878906
2016-04-08,34.599998474121094,33.720001220703125,34.47999954223633,34.29999923706055,263800.0,34.29999923706055
2016-04-11,34.849998474121094,33.130001068115234,34.439998626708984,33.13999938964844,327300.0,33.13999938964844
2016-04-12,33.709999084472656,32.41999816894531,33.130001068115234,33.560001373291016,496100.0,33.560001373291016
2016-04-13,34.93000030517578,33.689998626708984,33.720001220703125,34.81999969482422,296300.0,34.81999969482422
2016-04-14,35.220001220703125,34.290000915527344,34.88999938964844,35.04999923706055,271100.0,35.04999923706055
2016-04-15,35.02000045776367,33.90999984741211,35.02000045776367,34.70000076293945,388700.0,34.70000076293945
2016-04-18,35.7599983215332,34.38999938964844,34.45000076293945,35.529998779296875,423700.0,35.529998779296875
2016-04-19,38.18000030517578,35.849998474121094,35.88999938964844,36.65999984741211,727400.0,36.65999984741211
2016-04-20,37.290000915527344,36.2400016784668,36.65999984741211,36.86000061035156,357700.0,36.86000061035156
2016-04-21,37.83000183105469,36.56999969482422,37.20000076293945,37.470001220703125,652900.0,37.470001220703125
2016-04-22,37.93000030517578,37.0099983215332,37.36000061035156,37.40999984741211,293600.0,37.40999984741211
2016-04-25,37.595001220703125,36.25,37.40999984741211,36.59000015258789,469400.0,36.59000015258789
2016-04-26,37.33000183105469,36.290000915527344,36.720001220703125,37.11000061035156,671800.0,37.11000061035156
2016-04-27,38.36000061035156,36.75,37.13999938964844,37.95000076293945,438800.0,37.95000076293945
2016-04-28,38.560001373291016,37.70000076293945,37.849998474121094,38.2599983215332,585900.0,38.2599983215332
2016-04-29,38.59000015258789,37.65999984741211,38.02000045776367,38.209999084472656,550900.0,38.209999084472656
2016-05-02,38.9900016784668,37.790000915527344,38.599998474121094,38.95000076293945,705000.0,38.95000076293945
2016-05-03,38.9900016784668,37.86000061035156,38.5,38.279998779296875,898500.0,38.279998779296875
2016-05-04,41.09000015258789,38.689998626708984,40.255001068115234,40.04999923706055,2031600.0,40.04999923706055
2016-05-05,40.380001068115234,38.40999984741211,40.040000915527344,38.689998626708984,619600.0,38.689998626708984
2016-05-06,38.029998779296875,36.380001068115234,37.72999954223633,37.459999084472656,1315200.0,37.459999084472656
2016-05-09,38.93000030517578,37.150001525878906,37.5099983215332,38.540000915527344,614000.0,38.540000915527344
2016-05-10,39.880001068115234,38.327999114990234,38.63999938964844,39.650001525878906,690200.0,39.650001525878906
2016-05-11,40.5,39.0,39.5,39.56999969482422,819700.0,39.56999969482422
2016-05-12,40.34000015258789,38.2400016784668,39.869998931884766,38.84000015258789,432800.0,38.84000015258789
2016-05-13,39.7599983215332,38.7400016784668,38.81999969482422,39.279998779296875,307400.0,39.279998779296875
2016-05-16,40.22999954223633,39.23099899291992,39.59000015258789,39.959999084472656,439200.0,39.959999084472656
2016-05-17,40.65999984741211,39.310001373291016,39.959999084472656,39.400001525878906,724700.0,39.400001525878906
2016-05-18,40.84000015258789,39.18000030517578,39.31999969482422,40.7400016784668,670600.0,40.7400016784668
2016-05-19,41.25,39.83000183105469,40.72999954223633,40.11000061035156,609400.0,40.11000061035156
2016-05-20,41.099998474121094,40.02000045776367,40.31999969482422,40.880001068115234,607000.0,40.880001068115234
2016-05-23,41.25,40.4900016784668,40.77000045776367,40.790000915527344,319200.0,40.790000915527344
2016-05-24,42.0099983215332,40.86000061035156,41.22999954223633,41.650001525878906,496400.0,41.650001525878906
2016-05-25,41.900001525878906,38.31999969482422,41.290000915527344,39.810001373291016,2561600.0,39.810001373291016
2016-05-26,42.599998474121094,40.55099868774414,40.75,41.25,1250900.0,41.25
2016-05-27,41.25,39.88999938964844,40.880001068115234,40.84000015258789,967800.0,40.84000015258789
2016-05-31,40.97999954223633,40.209999084472656,40.88999938964844,40.439998626708984,737000.0,40.439998626708984
2016-06-01,41.209999084472656,40.099998474121094,40.56999969482422,41.06999969482422,1484000.0,41.06999969482422
2016-06-02,41.189998626708984,40.52000045776367,41.189998626708984,41.099998474121094,736600.0,41.099998474121094
2016-06-03,41.16999816894531,39.970001220703125,40.9900016784668,40.95000076293945,710800.0,40.95000076293945
2016-06-06,41.20000076293945,40.54999923706055,41.029998779296875,40.79999923706055,539300.0,40.79999923706055
2016-06-07,41.38999938964844,40.779998779296875,40.79999923706055,41.31999969482422,524900.0,41.31999969482422
2016-06-08,41.72999954223633,41.06999969482422,41.369998931884766,41.61000061035156,459500.0,41.61000061035156
2016-06-09,41.650001525878906,41.25,41.5,41.40999984741211,340700.0,41.40999984741211
2016-06-10,41.47999954223633,40.779998779296875,40.880001068115234,41.06999969482422,484500.0,41.06999969482422
2016-06-13,42.0,40.970001220703125,41.0,41.18000030517578,753400.0,41.18000030517578
2016-06-14,41.630001068115234,40.810001373291016,40.83000183105469,41.400001525878906,498500.0,41.400001525878906
2016-06-15,42.20000076293945,41.2400016784668,41.61000061035156,42.11000061035156,613200.0,42.11000061035156
2016-06-16,42.33000183105469,41.59000015258789,42.119998931884766,41.97999954223633,528000.0,41.97999954223633
2016-06-17,42.27000045776367,41.0099983215332,42.27000045776367,41.86000061035156,621300.0,41.86000061035156
2016-06-20,42.900001525878906,42.05500030517578,42.25,42.43000030517578,536700.0,42.43000030517578
2016-06-21,42.95000076293945,42.150001525878906,42.58000183105469,42.599998474121094,488100.0,42.599998474121094
2016-06-22,42.72999954223633,41.65999984741211,42.400001525878906,41.75,407000.0,41.75
2016-06-23,43.18000030517578,41.7400016784668,42.220001220703125,43.15999984741211,563300.0,43.15999984741211
2016-06-24,41.619998931884766,40.45000076293945,40.959999084472656,40.869998931884766,2376700.0,40.869998931884766
2016-06-27,40.4900016784668,38.939998626708984,40.40999984741211,39.31999969482422,884900.0,39.31999969482422
2016-06-28,40.4900016784668,39.61000061035156,39.88999938964844,40.38999938964844,535800.0,40.38999938964844
2016-06-29,41.7599983215332,40.58000183105469,40.84000015258789,41.650001525878906,469900.0,41.650001525878906
2016-06-30,43.25,41.66999816894531,42.040000915527344,43.209999084472656,872000.0,43.209999084472656
2016-07-01,43.959999084472656,43.09000015258789,43.09000015258789,43.58000183105469,452700.0,43.58000183105469
2016-07-05,43.7400016784668,42.72999954223633,43.189998626708984,43.400001525878906,775200.0,43.400001525878906
2016-07-06,44.310001373291016,43.099998474121094,43.18000030517578,44.040000915527344,698800.0,44.040000915527344
2016-07-07,45.029998779296875,44.060001373291016,44.2400016784668,44.849998474121094,562900.0,44.849998474121094
2016-07-08,45.93000030517578,44.900001525878906,45.099998474121094,45.47999954223633,760900.0,45.47999954223633
2016-07-11,46.48899841308594,45.79999923706055,45.900001525878906,46.04999923706055,611400.0,46.04999923706055
2016-07-12,47.15999984741211,46.029998779296875,46.709999084472656,46.4900016784668,525000.0,46.4900016784668
2016-07-13,46.83000183105469,45.63999938964844,46.560001373291016,45.650001525878906,751500.0,45.650001525878906
2016-07-14,46.9900016784668,46.064998626708984,46.310001373291016,46.25,451800.0,46.25
2016-07-15,46.630001068115234,46.0099983215332,46.5,46.20000076293945,285200.0,46.20000076293945
2016-07-18,46.959999084472656,46.060001373291016,46.34000015258789,46.709999084472656,340000.0,46.709999084472656
2016-07-19,46.91999816894531,45.84000015258789,46.650001525878906,46.290000915527344,287900.0,46.290000915527344
2016-07-20,47.7400016784668,46.698001861572266,46.72999954223633,47.38999938964844,418900.0,47.38999938964844
2016-07-21,47.29999923706055,45.150001525878906,47.29999923706055,45.33000183105469,609000.0,45.33000183105469
2016-07-22,46.84000015258789,45.36000061035156,45.36000061035156,46.810001373291016,437400.0,46.810001373291016
2016-07-25,47.06999969482422,46.40999984741211,46.540000915527344,47.04999923706055,555500.0,47.04999923706055
2016-07-26,47.310001373291016,46.43000030517578,46.93000030517578,47.29999923706055,446400.0,47.29999923706055
2016-07-27,47.709999084472656,46.91999816894531,47.5,47.279998779296875,403300.0,47.279998779296875
2016-07-28,47.77000045776367,46.58000183105469,47.220001220703125,47.68000030517578,417500.0,47.68000030517578
2016-07-29,47.7400016784668,46.5,47.72999954223633,47.209999084472656,951400.0,47.209999084472656
2016-08-01,48.505001068115234,47.15999984741211,48.0,47.81999969482422,901900.0,47.81999969482422
2016-08-02,48.040000915527344,46.849998474121094,48.040000915527344,47.34000015258789,1727800.0,47.34000015258789
2016-08-03,51.06999969482422,47.459999084472656,48.88999938964844,50.9900016784668,4019800.0,50.9900016784668
2016-08-04,51.38999938964844,49.84000015258789,51.130001068115234,51.290000915527344,1026300.0,51.290000915527344
2016-08-05,52.060001373291016,50.45000076293945,50.70000076293945,51.5,1209600.0,51.5
2016-08-08,51.849998474121094,50.56999969482422,51.7599983215332,50.7400016784668,725900.0,50.7400016784668
2016-08-09,51.207000732421875,49.61000061035156,50.86000061035156,50.40999984741211,818200.0,50.40999984741211
2016-08-10,50.689998626708984,49.70000076293945,50.54999923706055,50.11000061035156,693700.0,50.11000061035156
2016-08-11,50.709999084472656,50.029998779296875,50.20000076293945,50.380001068115234,339000.0,50.380001068115234
2016-08-12,50.84000015258789,49.75,50.380001068115234,50.779998779296875,402100.0,50.779998779296875
2016-08-15,51.71900177001953,50.95000076293945,51.099998474121094,51.220001220703125,584800.0,51.220001220703125
2016-08-16,51.439998626708984,50.5,51.130001068115234,50.709999084472656,413500.0,50.709999084472656
2016-08-17,50.369998931884766,48.560001373291016,50.369998931884766,49.38999938964844,1343100.0,49.38999938964844
2016-08-18,49.439998626708984,48.86000061035156,49.349998474121094,49.43000030517578,396700.0,49.43000030517578
2016-08-19,49.4900016784668,48.77000045776367,49.13999938964844,48.97999954223633,516700.0,48.97999954223633
2016-08-22,49.31999969482422,48.529998779296875,48.939998626708984,49.150001525878906,390900.0,49.150001525878906
2016-08-23,50.29999923706055,49.275001525878906,49.400001525878906,49.970001220703125,556400.0,49.970001220703125
2016-08-24,51.5,49.83000183105469,49.90999984741211,50.470001220703125,667400.0,50.470001220703125
2016-08-25,51.40999984741211,50.189998626708984,50.5099983215332,51.11000061035156,394400.0,51.11000061035156
2016-08-26,51.529998779296875,50.88999938964844,51.02000045776367,51.279998779296875,368500.0,51.279998779296875
2016-08-29,51.4900016784668,50.970001220703125,51.2400016784668,51.18000030517578,352100.0,51.18000030517578
2016-08-30,51.47999954223633,50.93000030517578,51.0,51.459999084472656,480300.0,51.459999084472656
2016-08-31,51.54999923706055,51.040000915527344,51.41999816894531,51.34000015258789,307300.0,51.34000015258789
2016-09-01,51.52000045776367,50.959999084472656,51.11000061035156,51.349998474121094,435600.0,51.349998474121094
2016-09-02,52.25,51.099998474121094,51.38999938964844,52.099998474121094,826600.0,52.099998474121094
2016-09-06,52.93000030517578,51.650001525878906,52.20000076293945,52.0,487100.0,52.0
2016-09-07,52.43000030517578,51.75,51.869998931884766,52.41999816894531,526500.0,52.41999816894531
2016-09-08,52.43899917602539,51.91999816894531,52.34000015258789,52.029998779296875,339000.0,52.029998779296875
2016-09-09,51.91699981689453,49.310001373291016,51.61000061035156,49.5,901200.0,49.5
2016-09-12,50.189998626708984,48.11000061035156,49.02000045776367,50.06999969482422,1042100.0,50.06999969482422
2016-09-13,50.54999923706055,47.18000030517578,49.88999938964844,48.130001068115234,724900.0,48.130001068115234
2016-09-14,48.70899963378906,47.779998779296875,48.380001068115234,48.06999969482422,362300.0,48.06999969482422
2016-09-15,49.183998107910156,47.779998779296875,48.08000183105469,48.84000015258789,651100.0,48.84000015258789
2016-09-16,48.91999816894531,48.380001068115234,48.810001373291016,48.560001373291016,682200.0,48.560001373291016
2016-09-19,48.810001373291016,47.060001373291016,48.75,47.15999984741211,734200.0,47.15999984741211
2016-09-20,47.540000915527344,46.47999954223633,47.25,46.52000045776367,676600.0,46.52000045776367
2016-09-21,48.0099983215332,46.5,46.709999084472656,47.91999816894531,562300.0,47.91999816894531
2016-09-22,50.34000015258789,48.060001373291016,48.279998779296875,50.2400016784668,738900.0,50.2400016784668
2016-09-23,50.90999984741211,49.90999984741211,50.310001373291016,49.9900016784668,479100.0,49.9900016784668
2016-09-26,50.68000030517578,49.75,49.810001373291016,50.43000030517578,369500.0,50.43000030517578
2016-09-27,51.459999084472656,50.279998779296875,50.279998779296875,51.08000183105469,530000.0,51.08000183105469
2016-09-28,51.11000061035156,50.0099983215332,51.0,50.470001220703125,463200.0,50.470001220703125
2016-09-29,50.470001220703125,49.619998931884766,50.470001220703125,49.9900016784668,317400.0,49.9900016784668
2016-09-30,50.45000076293945,49.650001525878906,49.709999084472656,50.130001068115234,532400.0,50.130001068115234
2016-10-03,50.18000030517578,49.45000076293945,49.869998931884766,49.90999984741211,331300.0,49.90999984741211
2016-10-04,50.20000076293945,49.0099983215332,50.20000076293945,49.34000015258789,275900.0,49.34000015258789
2016-10-05,49.709999084472656,48.72999954223633,49.43000030517578,48.83000183105469,323600.0,48.83000183105469
2016-10-06,50.040000915527344,48.41999816894531,49.119998931884766,49.90999984741211,378400.0,49.90999984741211
2016-10-07,49.970001220703125,48.790000915527344,49.58000183105469,49.63999938964844,480700.0,49.63999938964844
2016-10-10,50.61000061035156,49.630001068115234,49.709999084472656,50.5099983215332,377900.0,50.5099983215332
2016-10-11,50.40999984741211,48.93000030517578,50.369998931884766,49.33000183105469,501000.0,49.33000183105469
2016-10-12,49.900001525878906,49.17499923706055,49.369998931884766,49.650001525878906,456900.0,49.650001525878906
2016-10-13,50.189998626708984,48.459999084472656,49.060001373291016,49.93000030517578,540900.0,49.93000030517578
2016-10-14,50.58000183105469,49.61000061035156,50.0,49.70000076293945,318600.0,49.70000076293945
2016-10-17,50.150001525878906,49.400001525878906,49.63999938964844,49.81999969482422,438300.0,49.81999969482422
2016-10-18,50.499000549316406,49.619998931884766,50.43000030517578,50.0099983215332,975600.0,50.0099983215332
2016-10-19,50.45899963378906,49.09000015258789,50.099998474121094,49.13999938964844,568600.0,49.13999938964844
2016-10-20,49.119998931884766,48.11000061035156,49.0,48.75,493500.0,48.75
2016-10-21,50.040000915527344,48.459999084472656,48.5,49.970001220703125,792100.0,49.970001220703125
2016-10-24,52.58000183105469,50.060001373291016,50.369998931884766,52.439998626708984,1444900.0,52.439998626708984
2016-10-25,52.79999923706055,51.12099838256836,52.45000076293945,51.959999084472656,947800.0,51.959999084472656
2016-10-26,52.41999816894531,51.470001220703125,51.77000045776367,51.72999954223633,407300.0,51.72999954223633
2016-10-27,52.154998779296875,50.18000030517578,51.7400016784668,50.650001525878906,929900.0,50.650001525878906
2016-10-28,52.02000045776367,49.560001373291016,50.369998931884766,51.63999938964844,669300.0,51.63999938964844
2016-10-31,51.849998474121094,51.20000076293945,51.63999938964844,51.72999954223633,653100.0,51.72999954223633
2016-11-01,52.52000045776367,51.540000915527344,51.95000076293945,52.0,1311200.0,52.0
2016-11-02,45.439998626708984,40.81999969482422,42.47999954223633,43.70000076293945,8190100.0,43.70000076293945
2016-11-03,44.09000015258789,42.869998931884766,43.720001220703125,43.130001068115234,1763800.0,43.130001068115234
2016-11-04,43.959999084472656,42.369998931884766,42.939998626708984,42.97999954223633,1676700.0,42.97999954223633
2016-11-07,44.65999984741211,43.79999923706055,44.04999923706055,44.61000061035156,1031300.0,44.61000061035156
2016-11-08,45.97999954223633,44.207000732421875,44.5,45.68000030517578,1002600.0,45.68000030517578
2016-11-09,44.83000183105469,41.529998779296875,44.02000045776367,42.310001373291016,4376600.0,42.310001373291016
2016-11-10,43.09000015258789,39.150001525878906,42.560001373291016,39.36000061035156,2830000.0,39.36000061035156
2016-11-11,41.77000045776367,39.189998626708984,39.2400016784668,41.52000045776367,1859900.0,41.52000045776367
2016-11-14,43.0,40.66999816894531,41.90999984741211,41.77000045776367,1670300.0,41.77000045776367
2016-11-15,42.08000183105469,41.2400016784668,41.77000045776367,41.58000183105469,657600.0,41.58000183105469
2016-11-16,43.400001525878906,41.54999923706055,41.810001373291016,43.220001220703125,800100.0,43.220001220703125
2016-11-17,43.981998443603516,42.83000183105469,43.25,43.38999938964844,557800.0,43.38999938964844
2016-11-18,44.29999923706055,43.5099983215332,43.81999969482422,43.790000915527344,476600.0,43.790000915527344
2016-11-21,44.5,43.31999969482422,44.2400016784668,43.709999084472656,624400.0,43.709999084472656
2016-11-22,43.84000015258789,42.95000076293945,43.84000015258789,43.13999938964844,875500.0,43.13999938964844
2016-11-23,43.29999923706055,42.064998626708984,42.880001068115234,43.279998779296875,746400.0,43.279998779296875
2016-11-25,43.5,42.869998931884766,43.45000076293945,43.31999969482422,140700.0,43.31999969482422
2016-11-28,43.470001220703125,42.619998931884766,43.18000030517578,42.77000045776367,271800.0,42.77000045776367
2016-11-29,44.58000183105469,42.61000061035156,42.61000061035156,43.720001220703125,729000.0,43.720001220703125
2016-11-30,45.459999084472656,43.689998626708984,43.939998626708984,44.869998931884766,1308200.0,44.869998931884766
2016-12-01,45.41999816894531,41.97999954223633,45.04999923706055,42.61000061035156,1553200.0,42.61000061035156
2016-12-02,43.66999816894531,42.06999969482422,42.4900016784668,43.540000915527344,722800.0,43.540000915527344
2016-12-05,44.709999084472656,43.369998931884766,43.540000915527344,44.400001525878906,1134700.0,44.400001525878906
2016-12-06,46.16999816894531,43.88999938964844,44.5,45.939998626708984,831600.0,45.939998626708984
2016-12-07,47.040000915527344,45.060001373291016,45.97999954223633,46.709999084472656,960100.0,46.709999084472656
2016-12-08,47.599998474121094,46.43000030517578,46.77000045776367,46.84000015258789,777200.0,46.84000015258789
2016-12-09,47.56999969482422,46.75,46.9900016784668,46.91999816894531,715600.0,46.91999816894531
2016-12-12,47.33000183105469,45.68000030517578,46.959999084472656,46.029998779296875,557500.0,46.029998779296875
2016-12-13,46.720001220703125,45.22999954223633,46.20000076293945,45.5,718400.0,45.5
2016-12-14,46.0,45.0,45.400001525878906,45.36000061035156,496600.0,45.36000061035156
2016-12-15,45.599998474121094,44.310001373291016,45.36000061035156,44.689998626708984,926100.0,44.689998626708984
2016-12-16,46.2400016784668,45.0099983215332,45.220001220703125,45.91999816894531,1111900.0,45.91999816894531
2016-12-19,46.61000061035156,45.77000045776367,46.209999084472656,46.439998626708984,555500.0,46.439998626708984
2016-12-20,46.59000015258789,46.119998931884766,46.5099983215332,46.29999923706055,408200.0,46.29999923706055
2016-12-21,46.5,45.38999938964844,46.40999984741211,45.7400016784668,502100.0,45.7400016784668
2016-12-22,45.61000061035156,44.0,45.56999969482422,44.58000183105469,433400.0,44.58000183105469
2016-12-23,45.70000076293945,44.63999938964844,44.63999938964844,45.70000076293945,344200.0,45.70000076293945
2016-12-27,47.060001373291016,45.540000915527344,45.75,46.900001525878906,648300.0,46.900001525878906
2016-12-28,47.0099983215332,45.560001373291016,47.0099983215332,46.11000061035156,1032600.0,46.11000061035156
2016-12-29,46.5099983215332,45.599998474121094,46.33000183105469,46.130001068115234,577800.0,46.130001068115234
2016-12-30,46.439998626708984,45.290000915527344,46.439998626708984,45.4900016784668,516600.0,45.4900016784668
2017-01-03,46.849998474121094,45.6150016784668,46.20000076293945,46.470001220703125,697000.0,46.470001220703125
2017-01-04,47.59000015258789,46.47999954223633,46.689998626708984,47.34000015258789,771900.0,47.34000015258789
2017-01-05,47.400001525878906,46.59000015258789,47.310001373291016,47.0,460700.0,47.0
2017-01-06,47.584999084472656,46.880001068115234,47.11000061035156,47.4900016784668,252900.0,47.4900016784668
2017-01-09,48.959999084472656,47.65999984741211,47.70000076293945,48.400001525878906,580300.0,48.400001525878906
2017-01-10,48.689998626708984,47.7400016784668,48.18000030517578,48.209999084472656,680600.0,48.209999084472656
2017-01-11,48.959999084472656,48.08000183105469,48.34000015258789,48.790000915527344,460200.0,48.790000915527344
2017-01-12,48.77000045776367,47.349998474121094,48.77000045776367,48.09000015258789,438500.0,48.09000015258789
2017-01-13,49.290000915527344,48.29999923706055,48.29999923706055,48.720001220703125,505700.0,48.720001220703125
2017-01-17,48.47999954223633,47.400001525878906,48.47999954223633,47.900001525878906,492800.0,47.900001525878906
2017-01-18,48.779998779296875,47.79999923706055,48.25,48.06999969482422,370600.0,48.06999969482422
2017-01-19,48.400001525878906,47.45000076293945,48.36000061035156,47.880001068115234,377200.0,47.880001068115234
2017-01-20,49.209999084472656,47.83000183105469,47.88999938964844,49.189998626708984,472100.0,49.189998626708984
2017-01-23,50.06399917602539,48.79999923706055,48.95000076293945,49.88999938964844,792800.0,49.88999938964844
2017-01-24,50.810001373291016,49.849998474121094,50.08000183105469,50.31999969482422,561700.0,50.31999969482422
2017-01-25,50.965999603271484,49.77000045776367,50.810001373291016,50.0099983215332,375000.0,50.0099983215332
2017-01-26,50.279998779296875,48.459999084472656,50.189998626708984,48.619998931884766,576900.0,48.619998931884766
2017-01-27,49.22999954223633,48.06999969482422,48.880001068115234,49.209999084472656,636100.0,49.209999084472656
2017-01-30,48.599998474121094,46.0,48.599998474121094,47.060001373291016,1033200.0,47.060001373291016
2017-01-31,47.0,45.540000915527344,47.0,46.2400016784668,1353700.0,46.2400016784668
2017-02-01,46.275001525878906,42.52000045776367,46.150001525878906,43.93000030517578,2551600.0,43.93000030517578
2017-02-02,44.529998779296875,42.880001068115234,43.61000061035156,44.31999969482422,1222600.0,44.31999969482422
2017-02-03,47.45000076293945,44.869998931884766,45.220001220703125,45.9900016784668,2075100.0,45.9900016784668
2017-02-06,47.72999954223633,44.540000915527344,47.72999954223633,44.599998474121094,1053500.0,44.599998474121094
2017-02-07,45.58000183105469,44.58000183105469,44.93000030517578,45.400001525878906,669100.0,45.400001525878906
2017-02-08,45.34000015258789,44.25,45.33000183105469,45.2599983215332,1690800.0,45.2599983215332
2017-02-09,52.029998779296875,47.900001525878906,48.849998474121094,51.31999969482422,3786800.0,51.31999969482422
2017-02-10,52.400001525878906,50.68000030517578,51.43000030517578,52.33000183105469,1016200.0,52.33000183105469
2017-02-13,52.88999938964844,51.84000015258789,52.459999084472656,51.84000015258789,844600.0,51.84000015258789
2017-02-14,52.310001373291016,50.79999923706055,51.56999969482422,52.20000076293945,699800.0,52.20000076293945
2017-02-15,52.915000915527344,51.869998931884766,51.939998626708984,52.790000915527344,548500.0,52.790000915527344
2017-02-16,52.91999816894531,51.79999923706055,52.90999984741211,52.41999816894531,623900.0,52.41999816894531
2017-02-17,53.459999084472656,52.06999969482422,52.189998626708984,53.380001068115234,652800.0,53.380001068115234
2017-02-21,53.41299819946289,52.81999969482422,53.150001525878906,53.11000061035156,577300.0,53.11000061035156
2017-02-22,53.68000030517578,52.6609992980957,53.0,53.54999923706055,420700.0,53.54999923706055
2017-02-23,54.08000183105469,53.310001373291016,53.84000015258789,54.060001373291016,650300.0,54.060001373291016
2017-02-24,55.310001373291016,53.0,53.349998474121094,55.29999923706055,1150200.0,55.29999923706055
2017-02-27,55.40999984741211,54.130001068115234,55.290000915527344,54.709999084472656,746000.0,54.709999084472656
2017-02-28,54.849998474121094,53.68000030517578,54.40999984741211,53.83000183105469,726300.0,53.83000183105469
2017-03-01,56.11000061035156,54.40399932861328,54.5,55.709999084472656,866400.0,55.709999084472656
2017-03-02,55.875999450683594,54.709999084472656,55.540000915527344,55.20000076293945,490300.0,55.20000076293945
2017-03-03,56.560001373291016,55.479000091552734,55.58000183105469,56.5,1095100.0,56.5
2017-03-06,56.84000015258789,55.790000915527344,55.9900016784668,56.66999816894531,561200.0,56.66999816894531
2017-03-07,57.310001373291016,56.36000061035156,56.400001525878906,56.75,670600.0,56.75
2017-03-08,57.220001220703125,55.790000915527344,56.970001220703125,56.029998779296875,410300.0,56.029998779296875
2017-03-09,56.13999938964844,55.279998779296875,55.90999984741211,55.849998474121094,300800.0,55.849998474121094
2017-03-10,56.61000061035156,55.47999954223633,56.25,56.18000030517578,501600.0,56.18000030517578
2017-03-13,56.5,55.599998474121094,56.18000030517578,56.459999084472656,527300.0,56.459999084472656
2017-03-14,56.290000915527344,55.2599983215332,56.290000915527344,56.060001373291016,372900.0,56.060001373291016
2017-03-15,56.38999938964844,55.779998779296875,56.34000015258789,56.310001373291016,450100.0,56.310001373291016
2017-03-16,56.709999084472656,56.0099983215332,56.540000915527344,56.59000015258789,362500.0,56.59000015258789
2017-03-17,56.79999923706055,56.060001373291016,56.779998779296875,56.470001220703125,733600.0,56.470001220703125
2017-03-20,57.119998931884766,56.02000045776367,57.0,56.439998626708984,484600.0,56.439998626708984
2017-03-21,56.95000076293945,54.779998779296875,56.7400016784668,54.869998931884766,526100.0,54.869998931884766
2017-03-22,55.38999938964844,54.13999938964844,54.86000061035156,55.279998779296875,660700.0,55.279998779296875
2017-03-23,55.22999954223633,53.70000076293945,55.22999954223633,54.09000015258789,679200.0,54.09000015258789
2017-03-24,55.290000915527344,54.209999084472656,54.5,54.939998626708984,388300.0,54.939998626708984
2017-03-27,56.060001373291016,53.72999954223633,54.41999816894531,55.869998931884766,469700.0,55.869998931884766
2017-03-28,56.775001525878906,55.75,56.189998626708984,56.47999954223633,463700.0,56.47999954223633
2017-03-29,57.27000045776367,56.47999954223633,56.650001525878906,56.970001220703125,347600.0,56.970001220703125
2017-03-30,57.459999084472656,56.45000076293945,56.84000015258789,57.189998626708984,431000.0,57.189998626708984
2017-03-31,57.720001220703125,56.84000015258789,57.06999969482422,57.5099983215332,517800.0,57.5099983215332
2017-04-03,58.349998474121094,57.349998474121094,57.7599983215332,57.790000915527344,452600.0,57.790000915527344
2017-04-04,58.209999084472656,57.439998626708984,57.65999984741211,58.02000045776367,512800.0,58.02000045776367
2017-04-05,58.810001373291016,57.09000015258789,58.119998931884766,57.2400016784668,680200.0,57.2400016784668
2017-04-06,58.029998779296875,57.11000061035156,57.36000061035156,57.900001525878906,537700.0,57.900001525878906
2017-04-07,58.5,57.709999084472656,57.93000030517578,57.849998474121094,524400.0,57.849998474121094
2017-04-10,58.15999984741211,57.2400016784668,57.91999816894531,57.400001525878906,352600.0,57.400001525878906
2017-04-11,58.310001373291016,57.400001525878906,57.400001525878906,57.959999084472656,336900.0,57.959999084472656
2017-04-12,58.349998474121094,57.59000015258789,57.959999084472656,57.869998931884766,325900.0,57.869998931884766
2017-04-13,58.8650016784668,57.66999816894531,57.79999923706055,57.7400016784668,286900.0,57.7400016784668
2017-04-17,58.380001068115234,57.709999084472656,57.849998474121094,58.33000183105469,277200.0,58.33000183105469
2017-04-18,59.099998474121094,58.0099983215332,58.04999923706055,59.040000915527344,305600.0,59.040000915527344
2017-04-19,60.108001708984375,59.0,59.27000045776367,59.439998626708984,514400.0,59.439998626708984
2017-04-20,59.900001525878906,58.900001525878906,59.81999969482422,59.4900016784668,682700.0,59.4900016784668
2017-04-21,59.56399917602539,58.91999816894531,59.459999084472656,59.279998779296875,650900.0,59.279998779296875
2017-04-24,60.47999954223633,59.88999938964844,60.47999954223633,60.02000045776367,535000.0,60.02000045776367
2017-04-25,61.20000076293945,60.28499984741211,60.34000015258789,60.5,566600.0,60.5
2017-04-26,60.939998626708984,59.91999816894531,60.77000045776367,59.970001220703125,415100.0,59.970001220703125
2017-04-27,60.59000015258789,59.900001525878906,60.18000030517578,60.45000076293945,348200.0,60.45000076293945
2017-04-28,60.75,59.849998474121094,60.5,60.25,471400.0,60.25
2017-05-01,60.93000030517578,59.880001068115234,60.59000015258789,60.7599983215332,518200.0,60.7599983215332
2017-05-02,61.04999923706055,60.060001373291016,60.95000076293945,60.52000045776367,806500.0,60.52000045776367
2017-05-03,63.5,60.83000183105469,63.11000061035156,63.29999923706055,1879600.0,63.29999923706055
2017-05-04,64.66999816894531,63.5,63.560001373291016,63.58000183105469,1221200.0,63.58000183105469
2017-05-05,64.94999694824219,63.689998626708984,63.689998626708984,64.72000122070312,835600.0,64.72000122070312
2017-05-08,65.30000305175781,64.41000366210938,64.72000122070312,65.12000274658203,743900.0,65.12000274658203
2017-05-09,65.38999938964844,64.45999908447266,65.19000244140625,64.47000122070312,651600.0,64.47000122070312
2017-05-10,65.27999877929688,64.4000015258789,64.4000015258789,64.44999694824219,850900.0,64.44999694824219
2017-05-11,64.44999694824219,63.73099899291992,64.27999877929688,64.08000183105469,541700.0,64.08000183105469
2017-05-12,65.07499694824219,64.12999725341797,64.3499984741211,65.01000213623047,777400.0,65.01000213623047
2017-05-15,65.72000122070312,64.94999694824219,65.29000091552734,65.41000366210938,671100.0,65.41000366210938
2017-05-16,65.76200103759766,64.77999877929688,65.76000213623047,65.56999969482422,659700.0,65.56999969482422
2017-05-17,64.9000015258789,62.869998931884766,64.80000305175781,63.20000076293945,853000.0,63.20000076293945
2017-05-18,64.5999984741211,62.209999084472656,62.77000045776367,64.22000122070312,709000.0,64.22000122070312
2017-05-19,65.19999694824219,64.29000091552734,64.70999908447266,64.88999938964844,673200.0,64.88999938964844
2017-05-22,65.38999938964844,64.63999938964844,65.06999969482422,65.0,524100.0,65.0
2017-05-23,65.63999938964844,64.33000183105469,65.36000061035156,64.5999984741211,421000.0,64.5999984741211
2017-05-24,65.19000244140625,64.58000183105469,64.83999633789062,65.08999633789062,390100.0,65.08999633789062
2017-05-25,66.87999725341797,65.18000030517578,65.4800033569336,65.91000366210938,521500.0,65.91000366210938
2017-05-26,66.37000274658203,65.56999969482422,65.77999877929688,65.95999908447266,314000.0,65.95999908447266
2017-05-30,66.64700317382812,65.69000244140625,66.0,66.08000183105469,321000.0,66.08000183105469
2017-05-31,66.40499877929688,64.9219970703125,66.18000030517578,65.44000244140625,463400.0,65.44000244140625
2017-06-01,67.11000061035156,65.04000091552734,65.66000366210938,67.11000061035156,531400.0,67.11000061035156
2017-06-02,68.12000274658203,66.47000122070312,67.2699966430664,67.87000274658203,493500.0,67.87000274658203
2017-06-05,68.48999786376953,67.62000274658203,67.87000274658203,68.31999969482422,397500.0,68.31999969482422
2017-06-06,68.95999908447266,67.9800033569336,68.18000030517578,68.1500015258789,583600.0,68.1500015258789
2017-06-07,68.93699645996094,68.01000213623047,68.30000305175781,68.63999938964844,430200.0,68.63999938964844
2017-06-08,69.18000030517578,68.0199966430664,68.68000030517578,69.01000213623047,425400.0,69.01000213623047
2017-06-09,69.6500015258789,64.13999938964844,69.18000030517578,65.55999755859375,1124000.0,65.55999755859375
2017-06-12,66.56999969482422,62.165000915527344,64.98999786376953,66.56999969482422,1049300.0,66.56999969482422
2017-06-13,67.77999877929688,66.01000213623047,67.4800033569336,67.5,518500.0,67.5
2017-06-14,68.26899719238281,65.66799926757812,67.83000183105469,66.58000183105469,427000.0,66.58000183105469
2017-06-15,68.06999969482422,64.80000305175781,65.5199966430664,68.04000091552734,644200.0,68.04000091552734
2017-06-16,69.73999786376953,67.66999816894531,67.76000213623047,69.36000061035156,1214500.0,69.36000061035156
2017-06-19,71.07499694824219,69.37999725341797,70.05999755859375,70.83999633789062,982000.0,70.83999633789062
2017-06-20,72.80000305175781,70.08000183105469,70.83999633789062,70.3499984741211,959500.0,70.3499984741211
2017-06-21,71.94000244140625,70.80000305175781,70.80999755859375,71.58000183105469,567500.0,71.58000183105469
2017-06-22,72.1500015258789,71.1500015258789,71.7300033569336,71.79000091552734,568300.0,71.79000091552734
2017-06-23,73.61000061035156,71.59300231933594,71.8499984741211,73.02999877929688,1073200.0,73.02999877929688
2017-06-26,73.5999984741211,71.31099700927734,73.55999755859375,71.7699966430664,602900.0,71.7699966430664
2017-06-27,71.94999694824219,69.37000274658203,71.5999984741211,69.41000366210938,614100.0,69.41000366210938
2017-06-28,70.16999816894531,68.54000091552734,69.62000274658203,69.72000122070312,712700.0,69.72000122070312
2017-06-29,69.5199966430664,66.69000244140625,69.37000274658203,67.54000091552734,794000.0,67.54000091552734
2017-06-30,69.16000366210938,67.52999877929688,67.76000213623047,68.41000366210938,522200.0,68.41000366210938
2017-07-03,68.58999633789062,65.68000030517578,68.58999633789062,65.98999786376953,420900.0,65.98999786376953
2017-07-05,67.55000305175781,66.0999984741211,66.0999984741211,66.72000122070312,510400.0,66.72000122070312
2017-07-06,66.94999694824219,65.9000015258789,66.27999877929688,66.41999816894531,311800.0,66.41999816894531
2017-07-07,67.88999938964844,66.58000183105469,66.61000061035156,67.63999938964844,335500.0,67.63999938964844
2017-07-10,67.7699966430664,66.5530014038086,67.25,67.08999633789062,478900.0,67.08999633789062
2017-07-11,68.54000091552734,67.0,67.0,68.2300033569336,406800.0,68.2300033569336
2017-07-12,70.3499984741211,68.80999755859375,68.87999725341797,69.80000305175781,555500.0,69.80000305175781
2017-07-13,70.30000305175781,68.26000213623047,69.9800033569336,68.4800033569336,533900.0,68.4800033569336
2017-07-14,69.2300033569336,68.30999755859375,68.63999938964844,68.73999786376953,318400.0,68.73999786376953
2017-07-17,69.41999816894531,68.68000030517578,68.91999816894531,69.0,443800.0,69.0
2017-07-18,69.87999725341797,68.50499725341797,68.80000305175781,69.37000274658203,433900.0,69.37000274658203
2017-07-19,70.26000213623047,69.54000091552734,69.62999725341797,69.58999633789062,332300.0,69.58999633789062
2017-07-20,70.16999816894531,69.2699966430664,69.75,70.05000305175781,270100.0,70.05000305175781
2017-07-21,70.20999908447266,69.41000366210938,70.19999694824219,69.63999938964844,281600.0,69.63999938964844
2017-07-24,71.95999908447266,69.73999786376953,69.80000305175781,71.69999694824219,354500.0,71.69999694824219
2017-07-25,71.8280029296875,70.83000183105469,71.69999694824219,70.9800033569336,281400.0,70.9800033569336
2017-07-26,71.76000213623047,70.5999984741211,71.33999633789062,70.7699966430664,340000.0,70.7699966430664
2017-07-27,71.62000274658203,68.41000366210938,70.94999694824219,69.26000213623047,616200.0,69.26000213623047
2017-07-28,71.16000366210938,68.8499984741211,68.95999908447266,70.45999908447266,479100.0,70.45999908447266
2017-07-31,70.94000244140625,69.7300033569336,70.5,70.08999633789062,431500.0,70.08999633789062
2017-08-01,71.69999694824219,69.73300170898438,70.73999786376953,71.19000244140625,1003300.0,71.19000244140625
2017-08-02,72.62999725341797,64.5,72.5,68.11000061035156,2787500.0,68.11000061035156
2017-08-03,69.7699966430664,68.1500015258789,68.25,69.38999938964844,717400.0,69.38999938964844
2017-08-04,70.37999725341797,69.20500183105469,69.44000244140625,69.4800033569336,568600.0,69.4800033569336
2017-08-07,70.3499984741211,69.0,69.19999694824219,69.98999786376953,459300.0,69.98999786376953
2017-08-08,70.70999908447266,69.2300033569336,69.79000091552734,69.9000015258789,338500.0,69.9000015258789
2017-08-09,70.56999969482422,69.16000366210938,69.19000244140625,69.52999877929688,437400.0,69.52999877929688
2017-08-10,69.5,67.87000274658203,69.0,68.12000274658203,581200.0,68.12000274658203
2017-08-11,69.1500015258789,67.33999633789062,67.63999938964844,68.95999908447266,366000.0,68.95999908447266
2017-08-14,71.0999984741211,69.5999984741211,69.5999984741211,71.02999877929688,355400.0,71.02999877929688
2017-08-15,71.97000122070312,70.33699798583984,71.08999633789062,71.52999877929688,350600.0,71.52999877929688
2017-08-16,72.05999755859375,71.18000030517578,71.55000305175781,71.41000366210938,275400.0,71.41000366210938
2017-08-17,72.04000091552734,70.37999725341797,71.0,70.44999694824219,341800.0,70.44999694824219
2017-08-18,70.81999969482422,69.73999786376953,70.0199966430664,70.25,329100.0,70.25
2017-08-21,71.44999694824219,70.0,70.22000122070312,71.2699966430664,281800.0,71.2699966430664
2017-08-22,74.08000183105469,71.62999725341797,71.62999725341797,73.83999633789062,579500.0,73.83999633789062
2017-08-23,74.81999969482422,72.55000305175781,73.22000122070312,73.9800033569336,668900.0,73.9800033569336
2017-08-24,74.62999725341797,72.88999938964844,74.38999938964844,73.45999908447266,433700.0,73.45999908447266
2017-08-25,74.44000244140625,72.71099853515625,73.7699966430664,72.7699966430664,261400.0,72.7699966430664
2017-08-28,73.11000061035156,71.9000015258789,73.0,72.73999786376953,399200.0,72.73999786376953
2017-08-29,72.55999755859375,71.39700317382812,71.91000366210938,71.93000030517578,521100.0,71.93000030517578
2017-08-30,73.56999969482422,71.77999877929688,72.0,73.3499984741211,420000.0,73.3499984741211
2017-08-31,74.69000244140625,73.54000091552734,73.54000091552734,74.61000061035156,398400.0,74.61000061035156
2017-09-01,75.56999969482422,74.5199966430664,74.69999694824219,74.7699966430664,548300.0,74.7699966430664
2017-09-05,75.41000366210938,73.75,74.5,74.6500015258789,325400.0,74.6500015258789
2017-09-06,74.91999816894531,72.91000366210938,74.83000183105469,73.29000091552734,389300.0,73.29000091552734
2017-09-07,74.625,73.30000305175781,73.7300033569336,73.86000061035156,320000.0,73.86000061035156
2017-09-08,74.18000030517578,73.30999755859375,73.87000274658203,73.62999725341797,255400.0,73.62999725341797
2017-09-11,75.5,73.93299865722656,74.16000366210938,75.2699966430664,368900.0,75.2699966430664
2017-09-12,75.30000305175781,74.0199966430664,75.2699966430664,74.7300033569336,336600.0,74.7300033569336
2017-09-13,75.22000122070312,74.5999984741211,74.98999786376953,74.91999816894531,261500.0,74.91999816894531
2017-09-14,75.08999633789062,74.22000122070312,74.75,74.95999908447266,275100.0,74.95999908447266
2017-09-15,75.19999694824219,74.5199966430664,74.98999786376953,74.79000091552734,739700.0,74.79000091552734
2017-09-18,75.43599700927734,74.80000305175781,74.95999908447266,75.08000183105469,301100.0,75.08000183105469
2017-09-19,75.2699966430664,74.62000274658203,75.25,74.77999877929688,239200.0,74.77999877929688
2017-09-20,75.05999755859375,74.12999725341797,74.77999877929688,74.81999969482422,185300.0,74.81999969482422
2017-09-21,76.30999755859375,74.0999984741211,74.80000305175781,75.79000091552734,345200.0,75.79000091552734
2017-09-22,76.75,75.36000061035156,75.55999755859375,76.08000183105469,403200.0,76.08000183105469
2017-09-25,76.21900177001953,73.04000091552734,76.05000305175781,74.22000122070312,546900.0,74.22000122070312
2017-09-26,74.69000244140625,73.0199966430664,74.69000244140625,73.44999694824219,481400.0,73.44999694824219
2017-09-27,75.66000366210938,73.4800033569336,73.54000091552734,75.01000213623047,732600.0,75.01000213623047
2017-09-28,75.11699676513672,74.29000091552734,74.87999725341797,74.75,366100.0,74.75
2017-09-29,75.19000244140625,74.37999725341797,74.70999908447266,74.95999908447266,563900.0,74.95999908447266
2017-10-02,75.88899993896484,73.61000061035156,75.01000213623047,74.81999969482422,471900.0,74.81999969482422
2017-10-03,75.9800033569336,74.5999984741211,74.81999969482422,75.05000305175781,329300.0,75.05000305175781
2017-10-04,75.2699966430664,74.08000183105469,75.0199966430664,74.45999908447266,311600.0,74.45999908447266
2017-10-05,76.06999969482422,74.11000061035156,74.7300033569336,76.02999877929688,305700.0,76.02999877929688
2017-10-06,77.88999938964844,75.5,75.93000030517578,77.79000091552734,466600.0,77.79000091552734
2017-10-09,78.86000061035156,77.57499694824219,77.80000305175781,78.20999908447266,372400.0,78.20999908447266
2017-10-10,78.97000122070312,77.66500091552734,78.37000274658203,78.41000366210938,424400.0,78.41000366210938
2017-10-11,79.06999969482422,78.06999969482422,78.37000274658203,78.80000305175781,285300.0,78.80000305175781
2017-10-12,79.97899627685547,78.77999877929688,78.88999938964844,79.25,304700.0,79.25
2017-10-13,79.9000015258789,79.01000213623047,79.44000244140625,79.88999938964844,277700.0,79.88999938964844
2017-10-16,80.06999969482422,78.80000305175781,79.94000244140625,78.98999786376953,464000.0,78.98999786376953
2017-10-17,79.56999969482422,78.6500015258789,78.9800033569336,78.87999725341797,237700.0,78.87999725341797
2017-10-18,79.94999694824219,78.41999816894531,79.30000305175781,79.58000183105469,246300.0,79.58000183105469
2017-10-19,79.5,78.20999908447266,79.13999938964844,79.23999786376953,284500.0,79.23999786376953
2017-10-20,80.55000305175781,79.58000183105469,79.93000030517578,80.06999969482422,254700.0,80.06999969482422
2017-10-23,80.4000015258789,79.36000061035156,80.22000122070312,79.4800033569336,186600.0,79.4800033569336
2017-10-24,80.27999877929688,79.5,79.5,80.06999969482422,220600.0,80.06999969482422
2017-10-25,80.77200317382812,79.2699966430664,79.98999786376953,79.7699966430664,219800.0,79.7699966430664
2017-10-26,81.20999908447266,79.87999725341797,80.05000305175781,80.9800033569336,279100.0,80.9800033569336
2017-10-27,82.5199966430664,81.0,81.62999725341797,82.01000213623047,436500.0,82.01000213623047
2017-10-30,82.0,79.66000366210938,82.0,80.12999725341797,626700.0,80.12999725341797
2017-10-31,82.58999633789062,80.75,81.08999633789062,82.19999694824219,1003200.0,82.19999694824219
2017-11-01,78.91000366210938,74.3499984741211,78.91000366210938,77.30000305175781,2694000.0,77.30000305175781
2017-11-02,79.9000015258789,77.0,77.30000305175781,79.2699966430664,789700.0,79.2699966430664
2017-11-03,80.7699966430664,77.87000274658203,79.25,80.29000091552734,533400.0,80.29000091552734
2017-11-06,83.11000061035156,81.44000244140625,81.58999633789062,81.87000274658203,577400.0,81.87000274658203
2017-11-07,82.48999786376953,79.72000122070312,82.06999969482422,79.87000274658203,680300.0,79.87000274658203
2017-11-08,80.09500122070312,78.91000366210938,79.73999786376953,79.41000366210938,684200.0,79.41000366210938
2017-11-09,79.05999755859375,77.58000183105469,78.68000030517578,78.4800033569336,565900.0,78.4800033569336
2017-11-10,79.25,78.06999969482422,78.58000183105469,78.9000015258789,607300.0,78.9000015258789
2017-11-13,79.83000183105469,77.62999725341797,78.62000274658203,79.4800033569336,441100.0,79.4800033569336
2017-11-14,79.9000015258789,78.75,79.27999877929688,79.88999938964844,261300.0,79.88999938964844
2017-11-15,79.36000061035156,77.94999694824219,79.3499984741211,78.5,329900.0,78.5
2017-11-16,82.0999984741211,78.79000091552734,78.79000091552734,81.43000030517578,814800.0,81.43000030517578
2017-11-17,82.19999694824219,80.80999755859375,81.41999816894531,81.98999786376953,550500.0,81.98999786376953
2017-11-20,83.66999816894531,82.2249984741211,82.52999877929688,83.44000244140625,739400.0,83.44000244140625
2017-11-21,85.4000015258789,84.0,84.13999938964844,85.13999938964844,996200.0,85.13999938964844
2017-11-22,85.29499816894531,83.70700073242188,85.2699966430664,84.77999877929688,388500.0,84.77999877929688
2017-11-24,85.87000274658203,85.0199966430664,85.0199966430664,85.58999633789062,218200.0,85.58999633789062
2017-11-27,86.0999984741211,84.0199966430664,85.66000366210938,84.12999725341797,537300.0,84.12999725341797
2017-11-28,84.58999633789062,83.55000305175781,84.22000122070312,84.52999877929688,530500.0,84.52999877929688
2017-11-29,84.7300033569336,79.69999694824219,84.70999908447266,80.8499984741211,815700.0,80.8499984741211
2017-11-30,82.25,80.54000091552734,81.58000183105469,82.0,449600.0,82.0
2017-12-01,82.1500015258789,76.5199966430664,81.68000030517578,80.52999877929688,691700.0,80.52999877929688
2017-12-04,81.70999908447266,76.58999633789062,81.56999969482422,76.66000366210938,844200.0,76.66000366210938
2017-12-05,77.71399688720703,75.38999938964844,76.18000030517578,76.26000213623047,1098500.0,76.26000213623047
2017-12-06,77.66999816894531,75.58000183105469,75.7699966430664,77.05000305175781,604900.0,77.05000305175781
2017-12-07,78.73999786376953,77.0199966430664,77.05000305175781,78.2699966430664,493600.0,78.2699966430664
2017-12-08,79.62999725341797,78.54000091552734,79.0,78.66000366210938,544700.0,78.66000366210938
2017-12-11,80.11000061035156,78.54000091552734,78.86000061035156,79.54000091552734,564400.0,79.54000091552734
2017-12-12,80.2699966430664,77.87000274658203,79.3499984741211,77.91999816894531,440900.0,77.91999816894531
2017-12-13,79.73999786376953,78.05999755859375,78.05999755859375,79.44999694824219,471700.0,79.44999694824219
2017-12-14,80.4800033569336,79.47000122070312,79.8499984741211,79.56999969482422,285900.0,79.56999969482422
2017-12-15,81.5199966430664,78.91999816894531,79.7699966430664,81.33999633789062,597200.0,81.33999633789062
2017-12-18,83.80999755859375,81.62000274658203,82.44999694824219,82.7699966430664,500600.0,82.7699966430664
2017-12-19,83.83999633789062,82.25,82.55999755859375,82.51000213623047,494000.0,82.51000213623047
2017-12-20,83.05999755859375,81.28500366210938,82.86000061035156,82.33000183105469,403500.0,82.33000183105469
2017-12-21,82.62000274658203,81.33100128173828,82.37999725341797,81.66000366210938,301500.0,81.66000366210938
2017-12-22,81.63999938964844,80.43099975585938,81.63999938964844,80.72000122070312,293000.0,80.72000122070312
2017-12-26,81.05000305175781,79.51000213623047,80.26000213623047,80.70999908447266,203600.0,80.70999908447266
2017-12-27,81.83999633789062,80.5199966430664,80.8499984741211,81.27999877929688,251700.0,81.27999877929688
2017-12-28,81.22000122070312,80.41000366210938,81.22000122070312,80.75,210800.0,80.75
2017-12-29,81.0199966430664,80.0199966430664,80.75,80.33000183105469,338800.0,80.33000183105469
2018-01-02,80.51000213623047,79.18000030517578,80.47000122070312,80.44000244140625,544100.0,80.44000244140625
2018-01-03,82.25,80.51000213623047,80.51000213623047,81.02999877929688,316900.0,81.02999877929688
2018-01-04,83.48999786376953,81.5999984741211,81.61000061035156,83.11000061035156,460800.0,83.11000061035156
2018-01-05,84.55000305175781,83.2300033569336,84.0,83.87999725341797,360300.0,83.87999725341797
2018-01-08,84.95999908447266,83.2509994506836,83.9000015258789,84.63999938964844,376500.0,84.63999938964844
2018-01-09,85.26000213623047,84.33000183105469,85.0,84.72000122070312,374100.0,84.72000122070312
2018-01-10,85.04000091552734,83.75,84.25,84.37999725341797,350700.0,84.37999725341797
2018-01-11,85.38999938964844,83.75,84.5199966430664,84.5,874300.0,84.5
2018-01-12,89.37000274658203,85.06999969482422,85.16000366210938,88.75,1245000.0,88.75
2018-01-16,90.91500091552734,86.62999725341797,90.0,86.94999694824219,914900.0,86.94999694824219
2018-01-17,88.70999908447266,87.08000183105469,87.94000244140625,88.3499984741211,465100.0,88.3499984741211
2018-01-18,89.9000015258789,87.55000305175781,88.52999877929688,89.12000274658203,605200.0,89.12000274658203
2018-01-19,91.78600311279297,89.04000091552734,89.37000274658203,91.19000244140625,773300.0,91.19000244140625
2018-01-22,92.80999755859375,90.56999969482422,91.33000183105469,92.30999755859375,1121900.0,92.30999755859375
2018-01-23,93.60800170898438,91.95999908447266,93.20999908447266,91.9800033569336,913300.0,91.9800033569336
2018-01-24,92.76499938964844,90.25,92.44000244140625,90.56999969482422,1443800.0,90.56999969482422
2018-01-25,91.2699966430664,89.55000305175781,91.04000091552734,89.88999938964844,489800.0,89.88999938964844
2018-01-26,93.08999633789062,90.25,90.76000213623047,92.94000244140625,808300.0,92.94000244140625
2018-01-29,93.36000061035156,91.51000213623047,92.97000122070312,92.6500015258789,516200.0,92.6500015258789
2018-01-30,93.0,90.62999725341797,91.30000305175781,91.4000015258789,504100.0,91.4000015258789
2018-01-31,93.19999694824219,90.8499984741211,92.01000213623047,91.63999938964844,529900.0,91.63999938964844
2018-02-01,92.12000274658203,89.94000244140625,91.23999786376953,90.16999816894531,530300.0,90.16999816894531
2018-02-02,89.98999786376953,88.0999984741211,89.58999633789062,88.55000305175781,942800.0,88.55000305175781
2018-02-05,88.86000061035156,83.4800033569336,87.30000305175781,84.06999969482422,1184000.0,84.06999969482422
2018-02-06,87.44000244140625,80.68000030517578,82.01000213623047,86.61000061035156,1456400.0,86.61000061035156
2018-02-07,88.0,81.5999984741211,86.87999725341797,84.5,2013400.0,84.5
2018-02-08,85.70999908447266,82.69999694824219,85.41999816894531,82.9000015258789,1154600.0,82.9000015258789
2018-02-09,84.7249984741211,80.39099884033203,84.01000213623047,83.3499984741211,1336300.0,83.3499984741211
2018-02-12,85.16000366210938,83.4000015258789,84.12999725341797,84.51000213623047,952500.0,84.51000213623047
2018-02-13,89.2300033569336,84.76000213623047,85.3499984741211,88.9000015258789,1009300.0,88.9000015258789
2018-02-14,92.5999984741211,88.2249984741211,88.4800033569336,92.08000183105469,1320000.0,92.08000183105469
2018-02-15,95.6500015258789,91.52999877929688,92.8499984741211,95.01000213623047,915300.0,95.01000213623047
2018-02-16,96.58999633789062,94.51000213623047,94.98999786376953,94.9000015258789,1066900.0,94.9000015258789
2018-02-20,97.11000061035156,93.0,94.25,95.76000213623047,722000.0,95.76000213623047
2018-02-21,97.55999755859375,95.58999633789062,96.01000213623047,95.62000274658203,598700.0,95.62000274658203
2018-02-22,96.97000122070312,95.27999877929688,95.83999633789062,96.11000061035156,362600.0,96.11000061035156
2018-02-23,98.43000030517578,96.0250015258789,96.86000061035156,98.41999816894531,422000.0,98.41999816894531
2018-02-26,99.94999694824219,98.55999755859375,99.0,99.48999786376953,529400.0,99.48999786376953
2018-02-27,101.19000244140625,99.19999694824219,99.5,99.62000274658203,724300.0,99.62000274658203
2018-02-28,101.43199920654297,98.87999725341797,99.61000061035156,98.91999816894531,457100.0,98.91999816894531
2018-03-01,99.8499984741211,96.66000366210938,99.26000213623047,98.76000213623047,659200.0,98.76000213623047
2018-03-02,102.70999908447266,96.9209976196289,97.55999755859375,102.51000213623047,718100.0,102.51000213623047
2018-03-05,105.05000305175781,101.80999755859375,102.29000091552734,104.31999969482422,772200.0,104.31999969482422
2018-03-06,106.4000015258789,103.78399658203125,104.91000366210938,105.86000061035156,649600.0,105.86000061035156
2018-03-07,108.16999816894531,104.7699966430664,105.0999984741211,107.5,622400.0,107.5
2018-03-08,109.7300033569336,107.68000030517578,108.43000030517578,109.33999633789062,496400.0,109.33999633789062
2018-03-09,110.25,108.20999908447266,110.0,109.95999908447266,657800.0,109.95999908447266
2018-03-12,111.33999633789062,108.91999816894531,110.0,110.19999694824219,459900.0,110.19999694824219
2018-03-13,111.41999816894531,108.73999786376953,110.98999786376953,109.5199966430664,498100.0,109.5199966430664
2018-03-14,112.20500183105469,109.37999725341797,110.36000061035156,111.25,375700.0,111.25
2018-03-15,111.41000366210938,108.61799621582031,111.30000305175781,109.81999969482422,503600.0,109.81999969482422
2018-03-16,110.375,108.3499984741211,109.80000305175781,109.9800033569336,932600.0,109.9800033569336
2018-03-19,109.91000366210938,106.16000366210938,109.22000122070312,108.04000091552734,594000.0,108.04000091552734
2018-03-20,111.6729965209961,107.7699966430664,108.05999755859375,111.0999984741211,396500.0,111.0999984741211
2018-03-21,113.93000030517578,110.5,111.0999984741211,113.01000213623047,638000.0,113.01000213623047
2018-03-22,112.70999908447266,109.8499984741211,111.62999725341797,110.7300033569336,629100.0,110.7300033569336
2018-03-23,111.52999877929688,106.62000274658203,109.02999877929688,106.79000091552734,1260100.0,106.79000091552734
2018-03-26,114.13700103759766,108.79000091552734,109.02999877929688,113.86000061035156,1020400.0,113.86000061035156
2018-03-27,115.4800033569336,106.76000213623047,114.7699966430664,107.62000274658203,951000.0,107.62000274658203
2018-03-28,108.0,103.83999633789062,107.44999694824219,105.18000030517578,1100800.0,105.18000030517578
2018-03-29,109.0,104.92500305175781,105.45999908447266,107.38999938964844,894200.0,107.38999938964844
2018-04-02,107.5999984741211,102.0,106.30999755859375,103.87999725341797,841600.0,103.87999725341797
2018-04-03,105.66000366210938,103.19000244140625,104.77999877929688,104.7699966430664,601500.0,104.7699966430664
2018-04-04,108.26000213623047,101.55000305175781,101.56999969482422,107.87000274658203,470400.0,107.87000274658203
2018-04-05,110.12999725341797,107.94999694824219,109.02999877929688,108.5999984741211,557100.0,108.5999984741211
2018-04-06,109.25,106.37000274658203,107.55999755859375,107.18000030517578,579200.0,107.18000030517578
2018-04-09,110.23999786376953,107.68000030517578,108.31999969482422,107.79000091552734,509800.0,107.79000091552734
2018-04-10,111.56999969482422,108.19999694824219,109.94999694824219,111.04000091552734,435900.0,111.04000091552734
2018-04-11,113.72000122070312,110.6050033569336,110.80999755859375,112.2699966430664,443000.0,112.2699966430664
2018-04-12,112.62000274658203,110.54100036621094,111.2699966430664,111.45999908447266,588700.0,111.45999908447266
2018-04-13,113.05000305175781,108.83000183105469,112.5,109.95999908447266,744200.0,109.95999908447266
2018-04-16,112.5199966430664,109.56999969482422,111.0,112.01000213623047,552800.0,112.01000213623047
2018-04-17,117.0,112.7750015258789,112.94000244140625,116.02999877929688,987500.0,116.02999877929688
2018-04-18,118.44999694824219,115.05000305175781,116.76000213623047,117.62000274658203,680900.0,117.62000274658203
2018-04-19,117.69499969482422,115.5999984741211,116.80000305175781,116.76000213623047,435200.0,116.76000213623047
2018-04-20,116.70999908447266,114.37000274658203,116.16999816894531,115.76000213623047,683000.0,115.76000213623047
2018-04-23,115.76000213623047,113.70999908447266,115.44999694824219,114.06999969482422,757800.0,114.06999969482422
2018-04-24,116.62999725341797,109.41000366210938,114.91999816894531,110.55000305175781,1131300.0,110.55000305175781
2018-04-25,110.91000366210938,107.44999694824219,110.55000305175781,110.77999877929688,618000.0,110.77999877929688
2018-04-26,114.20999908447266,111.26300048828125,112.08999633789062,113.4000015258789,447500.0,113.4000015258789
2018-04-27,114.47000122070312,111.54499816894531,114.4000015258789,113.48999786376953,490100.0,113.48999786376953
2018-04-30,115.98999786376953,113.55000305175781,114.2300033569336,114.20999908447266,752100.0,114.20999908447266
2018-05-01,114.0,110.91999816894531,114.0,112.58999633789062,1699500.0,112.58999633789062
2018-05-02,108.8499984741211,103.0009994506836,104.94000244140625,104.37999725341797,2209400.0,104.37999725341797
2018-05-03,105.69999694824219,101.0999984741211,104.77999877929688,105.12000274658203,1015600.0,105.12000274658203
2018-05-04,108.36000061035156,104.04000091552734,104.86000061035156,107.29000091552734,590900.0,107.29000091552734
2018-05-07,109.12000274658203,106.88500213623047,107.5199966430664,108.31999969482422,521100.0,108.31999969482422
2018-05-08,109.36000061035156,107.43000030517578,108.31999969482422,108.97000122070312,324500.0,108.97000122070312
2018-05-09,109.58000183105469,107.75499725341797,109.0,109.0,493700.0,109.0
2018-05-10,110.78099822998047,108.93099975585938,109.47000122070312,109.5199966430664,570400.0,109.5199966430664
2018-05-11,109.80999755859375,107.2300033569336,109.62999725341797,107.37999725341797,833600.0,107.37999725341797
2018-05-14,108.20999908447266,101.61000061035156,107.5,102.01000213623047,1613300.0,102.01000213623047
2018-05-15,102.18499755859375,100.27999877929688,101.2300033569336,101.56999969482422,852600.0,101.56999969482422
2018-05-16,102.88899993896484,100.58000183105469,101.83000183105469,101.66999816894531,870400.0,101.66999816894531
2018-05-17,102.87999725341797,101.01000213623047,101.66999816894531,101.69000244140625,942200.0,101.69000244140625
2018-05-18,103.81999969482422,101.37999725341797,101.62999725341797,103.5199966430664,586000.0,103.5199966430664
2018-05-21,104.80999755859375,102.2300033569336,104.26000213623047,102.69999694824219,519900.0,102.69999694824219
2018-05-22,103.26000213623047,100.87999725341797,102.77999877929688,100.93000030517578,581300.0,100.93000030517578
2018-05-23,101.81999969482422,98.01000213623047,100.12000274658203,101.77999877929688,711900.0,101.77999877929688
2018-05-24,103.91999816894531,101.37999725341797,102.05999755859375,103.05000305175781,543900.0,103.05000305175781
2018-05-25,104.95999908447266,102.55999755859375,102.80000305175781,104.0199966430664,676300.0,104.0199966430664
2018-05-29,104.80400085449219,103.0,103.12999725341797,104.05000305175781,490400.0,104.05000305175781
2018-05-30,107.37999725341797,104.9209976196289,105.08999633789062,105.0199966430664,514600.0,105.0199966430664
2018-05-31,106.8499984741211,104.4000015258789,104.98999786376953,105.47000122070312,663100.0,105.47000122070312
2018-06-01,106.55999755859375,104.38999938964844,105.98999786376953,105.56999969482422,658700.0,105.56999969482422
2018-06-04,108.37999725341797,105.66999816894531,105.66999816894531,107.91999816894531,773600.0,107.91999816894531
2018-06-05,110.48899841308594,107.87999725341797,107.91999816894531,109.86000061035156,631800.0,109.86000061035156
2018-06-06,110.23999786376953,108.5999984741211,109.86000061035156,109.44000244140625,552800.0,109.44000244140625
2018-06-07,109.5979995727539,102.25,109.5,103.04000091552734,906400.0,103.04000091552734
2018-06-08,105.5,102.50399780273438,103.08999633789062,105.47000122070312,670100.0,105.47000122070312
2018-06-11,106.9000015258789,105.55999755859375,105.7699966430664,106.63999938964844,438200.0,106.63999938964844
2018-06-12,110.86199951171875,107.01000213623047,107.01000213623047,110.44999694824219,780300.0,110.44999694824219
2018-06-13,113.75,110.01000213623047,110.01000213623047,111.72000122070312,1022000.0,111.72000122070312
2018-06-14,114.9000015258789,112.0999984741211,112.0999984741211,113.66999816894531,875700.0,113.66999816894531
2018-06-15,113.5459976196289,110.27999877929688,113.0999984741211,112.62000274658203,784600.0,112.62000274658203
2018-06-18,115.19000244140625,111.23999786376953,112.33999633789062,114.12999725341797,742700.0,114.12999725341797
2018-06-19,113.88999938964844,109.61000061035156,113.08000183105469,113.68000030517578,813100.0,113.68000030517578
2018-06-20,115.54000091552734,112.4800033569336,113.93000030517578,112.6500015258789,758900.0,112.6500015258789
2018-06-21,113.36000061035156,108.44000244140625,113.12999725341797,109.83000183105469,850100.0,109.83000183105469
2018-06-22,110.05500030517578,106.08000183105469,109.9000015258789,107.22000122070312,4119700.0,107.22000122070312
2018-06-25,106.87999725341797,99.56999969482422,106.68000030517578,100.44000244140625,1747900.0,100.44000244140625
2018-06-26,102.7699966430664,100.68499755859375,101.01000213623047,101.66000366210938,1031700.0,101.66000366210938
2018-06-27,103.15799713134766,97.05999755859375,102.30000305175781,97.2699966430664,988900.0,97.2699966430664
2018-06-28,100.62000274658203,96.44000244140625,96.77999877929688,100.02999877929688,754000.0,100.02999877929688
2018-06-29,101.58999633789062,98.69999694824219,100.4000015258789,98.83000183105469,781700.0,98.83000183105469
2018-07-02,101.3499984741211,97.18499755859375,97.88999938964844,101.23999786376953,631600.0,101.23999786376953
2018-07-03,102.0,99.91000366210938,101.5,100.66999816894531,326400.0,100.66999816894531
2018-07-05,102.05000305175781,100.20999908447266,101.3499984741211,101.37000274658203,667800.0,101.37000274658203
2018-07-06,103.81999969482422,100.91000366210938,101.73999786376953,103.4800033569336,368600.0,103.4800033569336
2018-07-09,105.06999969482422,102.25,104.25,104.87000274658203,593000.0,104.87000274658203
2018-07-10,106.11000061035156,103.8499984741211,105.06999969482422,105.54000091552734,459900.0,105.54000091552734
2018-07-11,107.6500015258789,104.44999694824219,104.44999694824219,106.94000244140625,574100.0,106.94000244140625
2018-07-12,110.80000305175781,107.37999725341797,107.72000122070312,110.51000213623047,793400.0,110.51000213623047
2018-07-13,111.18000030517578,109.22000122070312,110.5199966430664,110.19000244140625,411000.0,110.19000244140625
2018-07-16,110.94000244140625,109.30999755859375,110.29000091552734,109.81999969482422,286600.0,109.81999969482422
2018-07-17,111.5199966430664,107.54000091552734,108.72000122070312,110.7300033569336,406500.0,110.7300033569336
2018-07-18,111.44000244140625,109.78299713134766,110.8499984741211,111.12999725341797,444100.0,111.12999725341797
2018-07-19,112.66999816894531,110.51000213623047,111.87000274658203,111.55999755859375,465400.0,111.55999755859375
2018-07-20,112.43000030517578,111.37000274658203,111.97000122070312,111.76000213623047,425700.0,111.76000213623047
2018-07-23,113.0999984741211,110.1500015258789,111.7300033569336,112.75,415500.0,112.75
2018-07-24,113.91000366210938,108.83000183105469,113.29000091552734,109.87999725341797,567700.0,109.87999725341797
2018-07-25,112.97000122070312,109.5999984741211,109.5999984741211,112.61000061035156,436400.0,112.61000061035156
2018-07-26,113.52999877929688,110.03099822998047,111.75,112.68000030517578,464600.0,112.68000030517578
2018-07-27,113.1050033569336,106.05000305175781,112.87000274658203,108.01000213623047,721400.0,108.01000213623047
2018-07-30,108.01000213623047,102.47000122070312,107.76000213623047,103.12000274658203,770300.0,103.12000274658203
2018-07-31,106.47000122070312,100.87000274658203,103.88999938964844,106.25,1757000.0,106.25
2018-08-01,128.0,115.0,116.05000305175781,125.94000244140625,4368800.0,125.94000244140625
2018-08-02,135.85000610351562,125.12999725341797,125.16999816894531,135.02999877929688,2138400.0,135.02999877929688
2018-08-03,135.5,130.74000549316406,135.0,132.82000732421875,1879300.0,132.82000732421875
2018-08-06,135.1999969482422,132.5500030517578,133.0399932861328,134.47999572753906,857800.0,134.47999572753906
2018-08-07,136.8000030517578,133.40499877929688,135.02000427246094,134.39999389648438,600600.0,134.39999389648438
2018-08-08,136.3000030517578,133.14999389648438,134.8800048828125,134.83999633789062,453200.0,134.83999633789062
2018-08-09,136.16000366210938,133.7100067138672,134.8699951171875,133.85000610351562,534600.0,133.85000610351562
2018-08-10,136.1300048828125,132.52000427246094,133.08999633789062,135.75999450683594,636200.0,135.75999450683594
2018-08-13,136.86000061035156,134.0800018310547,135.58999633789062,134.60000610351562,397900.0,134.60000610351562
2018-08-14,138.17999267578125,132.60000610351562,135.22000122070312,137.89999389648438,623100.0,137.89999389648438
2018-08-15,138.3300018310547,134.18699645996094,136.3699951171875,135.5800018310547,714100.0,135.5800018310547
2018-08-16,138.68899536132812,135.6699981689453,137.0,138.25999450683594,826500.0,138.25999450683594
2018-08-17,140.3699951171875,136.6999969482422,138.02000427246094,139.8699951171875,754700.0,139.8699951171875
2018-08-20,142.0449981689453,138.1999969482422,139.9600067138672,141.61000061035156,685600.0,141.61000061035156
2018-08-21,145.0,141.6199951171875,141.66000366210938,144.0500030517578,828800.0,144.0500030517578
2018-08-22,145.74200439453125,142.24000549316406,142.74000549316406,145.35000610351562,554000.0,145.35000610351562
2018-08-23,148.32000732421875,145.3699951171875,145.97000122070312,146.25,504700.0,146.25
2018-08-24,150.9499969482422,146.69000244140625,146.83999633789062,150.94000244140625,840300.0,150.94000244140625
2018-08-27,153.60000610351562,150.5,152.0,151.47000122070312,650400.0,151.47000122070312
2018-08-28,152.97000122070312,149.47999572753906,152.17999267578125,152.33999633789062,721600.0,152.33999633789062
2018-08-29,154.32000732421875,152.32000732421875,152.41000366210938,153.92999267578125,417100.0,153.92999267578125
2018-08-30,154.39999389648438,152.07000732421875,152.75,152.7899932861328,529200.0,152.7899932861328
2018-08-31,155.1300048828125,150.92999267578125,152.02000427246094,155.1199951171875,461900.0,155.1199951171875
2018-09-04,156.99000549316406,154.00999450683594,155.52000427246094,156.22000122070312,549700.0,156.22000122070312
2018-09-05,155.52999877929688,146.39999389648438,155.1699981689453,148.4199981689453,932800.0,148.4199981689453
2018-09-06,152.6300048828125,147.86000061035156,149.02000427246094,152.0399932861328,745500.0,152.0399932861328
2018-09-07,156.25,150.0,151.0,155.89999389648438,786300.0,155.89999389648438
2018-09-10,157.47000122070312,154.13999938964844,156.66000366210938,156.97999572753906,650000.0,156.97999572753906
2018-09-11,159.85000610351562,156.47000122070312,156.83999633789062,159.0,693500.0,159.0
2018-09-12,159.7550048828125,155.83999633789062,159.50999450683594,158.86000061035156,607700.0,158.86000061035156
2018-09-13,162.72000122070312,159.7100067138672,159.94000244140625,162.08999633789062,656500.0,162.08999633789062
2018-09-14,164.0800018310547,161.6699981689453,162.10000610351562,163.32000732421875,517900.0,163.32000732421875
2018-09-17,163.32000732421875,156.5,163.00999450683594,157.39999389648438,671000.0,157.39999389648438
2018-09-18,159.5,157.14999389648438,157.57000732421875,157.69000244140625,696600.0,157.69000244140625
2018-09-19,158.52000427246094,152.19000244140625,157.44000244140625,153.6300048828125,806400.0,153.6300048828125
2018-09-20,155.89999389648438,151.3000030517578,154.10000610351562,153.47999572753906,1131000.0,153.47999572753906
2018-09-21,155.02000427246094,152.6300048828125,154.13999938964844,153.64999389648438,831400.0,153.64999389648438
2018-09-24,156.11000061035156,150.7100067138672,152.72000122070312,154.97000122070312,501400.0,154.97000122070312
2018-09-25,159.74000549316406,155.10000610351562,155.8800048828125,159.02000427246094,642900.0,159.02000427246094
2018-09-26,157.1300048828125,153.27999877929688,156.27999877929688,154.77000427246094,511800.0,154.77000427246094
2018-09-27,157.25100708007812,154.52699279785156,155.50999450683594,154.97999572753906,353400.0,154.97999572753906
2018-09-28,157.19000244140625,154.27999877929688,154.47999572753906,155.41000366210938,383500.0,155.41000366210938
2018-10-01,157.4499969482422,150.50999450683594,154.25999450683594,150.8000030517578,849000.0,150.8000030517578
2018-10-02,151.69000244140625,146.1999969482422,150.33999633789062,146.9199981689453,728500.0,146.9199981689453
2018-10-03,149.80999755859375,146.00999450683594,148.44000244140625,147.60000610351562,750400.0,147.60000610351562
2018-10-04,147.66099548339844,138.50100708007812,147.22999572753906,140.6999969482422,1346700.0,140.6999969482422
2018-10-05,143.44000244140625,135.1999969482422,140.1699981689453,139.0500030517578,945000.0,139.0500030517578
2018-10-08,138.5,131.3699951171875,138.14999389648438,134.77000427246094,803400.0,134.77000427246094
2018-10-09,137.39999389648438,132.0,133.8699951171875,134.8000030517578,561700.0,134.8000030517578
2018-10-10,135.3800048828125,125.72000122070312,133.92999267578125,128.55999755859375,1616100.0,128.55999755859375
2018-10-11,133.63999938964844,125.33000183105469,127.5,126.12000274658203,1315400.0,126.12000274658203
2018-10-12,133.4600067138672,126.86000061035156,132.22999572753906,130.8800048828125,964800.0,130.8800048828125
2018-10-15,131.8000030517578,128.0,130.8000030517578,129.83999633789062,602300.0,129.83999633789062
2018-10-16,136.35000610351562,131.5850067138672,132.0,136.05999755859375,621700.0,136.05999755859375
2018-10-17,137.99400329589844,133.57000732421875,137.86000061035156,136.50999450683594,657000.0,136.50999450683594
2018-10-18,136.4499969482422,131.3800048828125,135.25,133.63999938964844,561000.0,133.63999938964844
2018-10-19,136.1300048828125,130.4199981689453,134.88999938964844,130.9199981689453,837200.0,130.9199981689453
2018-10-22,135.1300048828125,130.56500244140625,131.24000549316406,133.75999450683594,512200.0,133.75999450683594
2018-10-23,132.86000061035156,128.25,130.02000427246094,131.8000030517578,743300.0,131.8000030517578
2018-10-24,133.24000549316406,123.31999969482422,131.58999633789062,123.4800033569336,744800.0,123.4800033569336
2018-10-25,129.5500030517578,124.1500015258789,124.44999694824219,127.37999725341797,738100.0,127.37999725341797
2018-10-26,127.70999908447266,120.0,122.83999633789062,124.05999755859375,960500.0,124.05999755859375
2018-10-29,129.32000732421875,121.73999786376953,127.91999816894531,123.87000274658203,1062900.0,123.87000274658203
2018-10-30,130.39999389648438,122.0,122.2300033569336,129.58999633789062,1797700.0,129.58999633789062
2018-10-31,131.22999572753906,120.0999984741211,124.7300033569336,125.19999694824219,2252300.0,125.19999694824219
2018-11-01,125.9800033569336,122.0,125.31999969482422,125.48999786376953,1065500.0,125.48999786376953
2018-11-02,129.55999755859375,123.81999969482422,126.6500015258789,125.12000274658203,910400.0,125.12000274658203
2018-11-05,125.59500122070312,122.0,125.08999633789062,124.2300033569336,829400.0,124.2300033569336
2018-11-06,126.9000015258789,122.33000183105469,124.22000122070312,123.16000366210938,495100.0,123.16000366210938
2018-11-07,130.02999877929688,124.45999908447266,125.3499984741211,128.22999572753906,723200.0,128.22999572753906
2018-11-08,129.1300048828125,125.5199966430664,128.35000610351562,127.33000183105469,550800.0,127.33000183105469
2018-11-09,127.2699966430664,123.66999816894531,126.05999755859375,126.97000122070312,587500.0,126.97000122070312
2018-11-12,126.33699798583984,120.5,125.91999816894531,122.58999633789062,747000.0,122.58999633789062
2018-11-13,126.31999969482422,121.68000030517578,123.3499984741211,123.69999694824219,556400.0,123.69999694824219
2018-11-14,126.33699798583984,122.16999816894531,124.94000244140625,122.91999816894531,569700.0,122.91999816894531
2018-11-15,125.77999877929688,122.16600036621094,122.48999786376953,124.69999694824219,727000.0,124.69999694824219
2018-11-16,125.72000122070312,122.04000091552734,122.9000015258789,123.62000274658203,933100.0,123.62000274658203
2018-11-19,122.9000015258789,113.04000091552734,122.48999786376953,113.18000030517578,957800.0,113.18000030517578
2018-11-20,114.70999908447266,107.45999908447266,110.0,114.0,1178500.0,114.0
2018-11-21,120.81999969482422,115.0,116.33999633789062,120.04000091552734,707600.0,120.04000091552734
2018-11-23,121.5999984741211,118.19999694824219,118.5999984741211,119.1500015258789,404700.0,119.1500015258789
2018-11-26,123.26300048828125,120.28099822998047,121.9000015258789,122.83000183105469,517800.0,122.83000183105469
2018-11-27,122.24500274658203,120.08999633789062,121.4000015258789,121.48999786376953,450400.0,121.48999786376953
2018-11-28,130.5399932861328,123.3499984741211,123.75,130.0500030517578,600700.0,130.0500030517578
2018-11-29,133.1699981689453,128.67999267578125,129.3699951171875,131.3699951171875,536500.0,131.3699951171875
2018-11-30,133.2899932861328,130.97999572753906,131.63999938964844,132.77000427246094,686700.0,132.77000427246094
2018-12-03,136.02000427246094,132.1300048828125,136.02000427246094,134.72999572753906,456800.0,134.72999572753906
2018-12-04,136.42999267578125,130.1699981689453,133.5399932861328,131.0,553400.0,131.0
2018-12-06,134.14999389648438,124.7699966430664,127.44000244140625,133.57000732421875,643700.0,133.57000732421875
2018-12-07,135.02000427246094,127.55999755859375,133.3800048828125,129.63999938964844,708700.0,129.63999938964844
2018-12-10,133.09500122070312,128.0,128.61000061035156,131.72000122070312,600400.0,131.72000122070312
2018-12-11,134.83999633789062,129.61000061035156,133.89999389648438,131.6199951171875,709500.0,131.6199951171875
2018-12-12,137.2100067138672,134.0500030517578,134.5,134.58999633789062,489400.0,134.58999633789062
2018-12-13,136.67999267578125,132.0,135.52999877929688,133.36000061035156,441500.0,133.36000061035156
2018-12-14,132.8699951171875,129.63999938964844,131.02000427246094,130.6199951171875,575500.0,130.6199951171875
2018-12-17,129.27999877929688,122.51000213623047,129.0,123.3499984741211,637500.0,123.3499984741211
2018-12-18,126.2699966430664,123.69999694824219,125.13999938964844,124.87000274658203,435000.0,124.87000274658203
2018-12-19,127.63999938964844,121.4000015258789,125.4000015258789,123.6500015258789,400900.0,123.6500015258789
2018-12-20,124.74500274658203,115.0199966430664,122.62000274658203,119.55999755859375,764500.0,119.55999755859375
2018-12-21,120.86000061035156,114.6500015258789,119.86000061035156,115.01000213623047,840400.0,115.01000213623047
2018-12-24,116.22000122070312,111.4800033569336,113.61000061035156,111.54000091552734,541700.0,111.54000091552734
2018-12-26,120.4800033569336,111.93000030517578,111.93000030517578,120.22000122070312,486700.0,120.22000122070312
2018-12-27,121.83999633789062,116.5,117.8499984741211,121.75,395600.0,121.75
2018-12-28,123.83000183105469,119.1500015258789,122.66000366210938,121.23999786376953,336400.0,121.23999786376953
2018-12-31,123.33200073242188,120.80999755859375,122.56999969482422,122.44999694824219,597900.0,122.44999694824219
2019-01-02,121.80000305175781,118.33000183105469,119.87999725341797,119.69999694824219,596900.0,119.69999694824219
2019-01-03,119.54000091552734,115.02999877929688,117.87000274658203,116.5,728700.0,116.5
2019-01-04,124.12999725341797,117.61000061035156,118.94999694824219,121.0199966430664,586200.0,121.0199966430664
2019-01-07,124.87000274658203,121.96099853515625,122.08999633789062,124.11000061035156,634800.0,124.11000061035156
2019-01-08,128.05999755859375,123.36299896240234,126.16000366210938,127.13999938964844,488100.0,127.13999938964844
2019-01-09,129.7480010986328,126.98999786376953,128.1199951171875,128.47000122070312,410100.0,128.47000122070312
2019-01-10,129.4499969482422,126.81999969482422,127.0999984741211,128.61000061035156,302900.0,128.61000061035156
2019-01-11,128.92999267578125,127.04000091552734,127.87999725341797,127.30000305175781,276200.0,127.30000305175781
2019-01-14,126.13999938964844,123.7300033569336,125.68000030517578,124.56999969482422,499200.0,124.56999969482422
2019-01-15,131.0,125.2300033569336,125.2300033569336,130.77000427246094,564900.0,130.77000427246094
2019-01-16,133.47500610351562,130.10000610351562,131.8800048828125,131.3800048828125,293400.0,131.3800048828125
2019-01-17,133.4250030517578,130.09500122070312,131.00999450683594,132.22000122070312,276800.0,132.22000122070312
2019-01-18,137.38999938964844,133.25999450683594,134.1199951171875,136.24000549316406,627400.0,136.24000549316406
2019-01-22,137.14999389648438,134.5,135.10000610351562,136.5399932861328,785400.0,136.5399932861328
2019-01-23,140.00999450683594,136.6199951171875,138.19000244140625,137.02000427246094,498600.0,137.02000427246094
2019-01-24,138.52999877929688,135.14999389648438,137.67999267578125,138.49000549316406,667800.0,138.49000549316406
2019-01-25,143.1199951171875,139.10499572753906,140.0,143.0500030517578,528600.0,143.0500030517578
2019-01-28,144.05999755859375,139.42999267578125,141.0,144.0,634900.0,144.0
2019-01-29,145.27999877929688,141.36000061035156,144.52000427246094,141.6699981689453,900800.0,141.6699981689453
2019-01-30,146.1199951171875,142.3300018310547,143.1699981689453,145.55999755859375,349900.0,145.55999755859375
2019-01-31,149.27999877929688,145.9199981689453,145.9199981689453,148.24000549316406,454400.0,148.24000549316406
2019-02-01,150.8800048828125,147.38999938964844,148.0500030517578,150.85000610351562,539700.0,150.85000610351562
2019-02-04,156.8800048828125,153.4499969482422,155.2100067138672,155.9600067138672,862500.0,155.9600067138672
2019-02-05,158.05999755859375,154.57000732421875,156.99000549316406,156.9600067138672,1025900.0,156.9600067138672
2019-02-06,179.22000122070312,166.41000366210938,170.0,169.13999938964844,2739400.0,169.13999938964844
2019-02-07,172.4600067138672,165.1199951171875,166.4499969482422,168.1699981689453,1268900.0,168.1699981689453
2019-02-08,176.1999969482422,165.97999572753906,166.77000427246094,175.9600067138672,962400.0,175.9600067138672
2019-02-11,177.36000061035156,170.07000732421875,176.52000427246094,172.2100067138672,1128700.0,172.2100067138672
2019-02-12,174.69000244140625,171.88499450683594,174.0800018310547,173.33999633789062,716100.0,173.33999633789062
2019-02-13,175.27999877929688,172.00999450683594,174.0,173.05999755859375,613300.0,173.05999755859375
2019-02-14,178.67999267578125,172.08999633789062,172.08999633789062,178.3800048828125,1184200.0,178.3800048828125
2019-02-15,182.52499389648438,177.64999389648438,179.27999877929688,182.47000122070312,728200.0,182.47000122070312
2019-02-19,182.41000366210938,179.42999267578125,181.1999969482422,179.55999755859375,657000.0,179.55999755859375
2019-02-20,182.5500030517578,175.85000610351562,179.3800048828125,177.0399932861328,801500.0,177.0399932861328
2019-02-21,180.8800048828125,176.0,176.5,178.92999267578125,480900.0,178.92999267578125
2019-02-22,184.27999877929688,179.1199951171875,180.0,184.27999877929688,678500.0,184.27999877929688
2019-02-25,186.0,179.44000244140625,186.0,181.3300018310547,562400.0,181.3300018310547
2019-02-26,181.3800048828125,178.36000061035156,180.2100067138672,180.42999267578125,458500.0,180.42999267578125
2019-02-27,182.89999389648438,179.0500030517578,180.0,182.72000122070312,245500.0,182.72000122070312
2019-02-28,183.80999755859375,181.17999267578125,182.10000610351562,181.72999572753906,205600.0,181.72999572753906
2019-03-01,183.6999969482422,179.4250030517578,183.6999969482422,181.8000030517578,380600.0,181.8000030517578
2019-03-04,183.3800048828125,171.65199279785156,182.8000030517578,177.4199981689453,902800.0,177.4199981689453
2019-03-05,178.99000549316406,174.6300048828125,177.22000122070312,178.57000732421875,389000.0,178.57000732421875
2019-03-06,178.99000549316406,173.49000549316406,178.99000549316406,175.63999938964844,658400.0,175.63999938964844
2019-03-07,179.32000732421875,175.02499389648438,175.60000610351562,176.22999572753906,495000.0,176.22999572753906
2019-03-08,178.14999389648438,169.05999755859375,172.0,178.0800018310547,481100.0,178.0800018310547
2019-03-11,182.41000366210938,178.0,178.14999389648438,181.16000366210938,776200.0,181.16000366210938
2019-03-12,183.02999877929688,180.0030059814453,181.63999938964844,182.2899932861328,556200.0,182.2899932861328
2019-03-13,184.16200256347656,180.75,183.41000366210938,181.02999877929688,446200.0,181.02999877929688
2019-03-14,184.2570037841797,180.72500610351562,180.89999389648438,183.35000610351562,662500.0,183.35000610351562
2019-03-15,183.89999389648438,180.58999633789062,183.07000732421875,181.94000244140625,604500.0,181.94000244140625
2019-03-18,183.4949951171875,179.58099365234375,182.08999633789062,181.69000244140625,467800.0,181.69000244140625
2019-03-19,184.02999877929688,181.1300048828125,182.22999572753906,183.1199951171875,474600.0,183.1199951171875
2019-03-20,185.36000061035156,180.39999389648438,183.05999755859375,181.97000122070312,426300.0,181.97000122070312
2019-03-21,190.63499450683594,181.29100036621094,181.35000610351562,190.0500030517578,906600.0,190.0500030517578
2019-03-22,190.6300048828125,180.61000061035156,189.47000122070312,181.16000366210938,748900.0,181.16000366210938
2019-03-25,184.23500061035156,174.02000427246094,179.49000549316406,183.80999755859375,610300.0,183.80999755859375
2019-03-26,188.89999389648438,184.4499969482422,186.8699951171875,185.7100067138672,477400.0,185.7100067138672
2019-03-27,186.99000549316406,178.0,185.9600067138672,182.97000122070312,520300.0,182.97000122070312
2019-03-28,188.0,182.8000030517578,183.5399932861328,186.69000244140625,506600.0,186.69000244140625
2019-03-29,190.0,186.0399932861328,188.5,189.1300048828125,819200.0,189.1300048828125
2019-04-01,193.75,186.85000610351562,191.0800018310547,190.27999877929688,591700.0,190.27999877929688
2019-04-02,191.4499969482422,187.63999938964844,190.2899932861328,190.72000122070312,403000.0,190.72000122070312
2019-04-03,192.88999938964844,188.50999450683594,191.99000549316406,190.30999755859375,551100.0,190.30999755859375
2019-04-04,191.5800018310547,180.32000732421875,190.17999267578125,183.69000244140625,979000.0,183.69000244140625
2019-04-05,185.77999877929688,183.33999633789062,184.99000549316406,183.47999572753906,531200.0,183.47999572753906
2019-04-08,184.27999877929688,179.57000732421875,183.49000549316406,184.25,620500.0,184.25
2019-04-09,185.32000732421875,183.0,183.0,184.33999633789062,462300.0,184.33999633789062
2019-04-10,188.60000610351562,185.16000366210938,185.16000366210938,187.58999633789062,346100.0,187.58999633789062
2019-04-11,189.0,186.61000061035156,188.07000732421875,188.5800018310547,263900.0,188.5800018310547
2019-04-12,190.35000610351562,186.91000366210938,190.3300018310547,188.75999450683594,313400.0,188.75999450683594
2019-04-15,192.0,188.10000610351562,188.52999877929688,190.16000366210938,359400.0,190.16000366210938
2019-04-16,192.75999450683594,187.50999450683594,190.88999938964844,188.88999938964844,374400.0,188.88999938964844
2019-04-17,191.60000610351562,185.44000244140625,190.41000366210938,186.94000244140625,498500.0,186.94000244140625
2019-04-18,190.1300048828125,182.6199951171875,187.00999450683594,188.9499969482422,797300.0,188.9499969482422
2019-04-22,191.65499877929688,188.08999633789062,188.1300048828125,190.19000244140625,374700.0,190.19000244140625
2019-04-23,195.82000732421875,191.39999389648438,191.39999389648438,194.6199951171875,712300.0,194.6199951171875
2019-04-24,196.41000366210938,191.69900512695312,194.8699951171875,192.60000610351562,1039000.0,192.60000610351562
2019-04-25,197.3300018310547,191.58999633789062,194.63999938964844,196.5399932861328,513500.0,196.5399932861328
2019-04-26,200.77999877929688,196.03900146484375,196.55999755859375,200.07000732421875,682100.0,200.07000732421875
2019-04-29,202.60000610351562,196.08999633789062,201.0800018310547,198.0399932861328,760700.0,198.0399932861328
2019-04-30,203.04200744628906,196.4499969482422,197.0,202.52999877929688,993500.0,202.52999877929688
2019-05-01,203.1999969482422,194.0,203.1999969482422,201.4600067138672,1263800.0,201.4600067138672
2019-05-02,206.88999938964844,199.58999633789062,201.64999389648438,201.47000122070312,931700.0,201.47000122070312
2019-05-03,207.14999389648438,201.35000610351562,202.02999877929688,206.88999938964844,891800.0,206.88999938964844
2019-05-06,208.2100067138672,202.50999450683594,204.02999877929688,207.4600067138672,884200.0,207.4600067138672
2019-05-07,208.02000427246094,200.71499633789062,205.97000122070312,201.89999389648438,821500.0,201.89999389648438
2019-05-08,206.1999969482422,200.69500732421875,201.5399932861328,204.75,562300.0,204.75
2019-05-09,209.9199981689453,201.31500244140625,202.8699951171875,207.88999938964844,747900.0,207.88999938964844
2019-05-10,210.5500030517578,202.8000030517578,206.8699951171875,208.38999938964844,692200.0,208.38999938964844
2019-05-13,204.5,196.97999572753906,203.25999450683594,197.25,943500.0,197.25
2019-05-14,204.1699981689453,197.41000366210938,199.6999969482422,203.27999877929688,718000.0,203.27999877929688
2019-05-15,205.6699981689453,200.3300018310547,201.83999633789062,204.38999938964844,669000.0,204.38999938964844
2019-05-16,214.92999267578125,205.07000732421875,205.4499969482422,212.0500030517578,923600.0,212.0500030517578
2019-05-17,215.3800048828125,209.64999389648438,210.3699951171875,210.75,619100.0,210.75
2019-05-20,209.88999938964844,203.77999877929688,208.5,207.2899932861328,716300.0,207.2899932861328
2019-05-21,214.35000610351562,209.1199951171875,209.80999755859375,213.5500030517578,730100.0,213.5500030517578
2019-05-22,215.64999389648438,212.8000030517578,212.82000732421875,213.07000732421875,435600.0,213.07000732421875
2019-05-23,210.2100067138672,203.27999877929688,210.1999969482422,206.77000427246094,616400.0,206.77000427246094
2019-05-24,210.91000366210938,207.0749969482422,207.4600067138672,208.22999572753906,511600.0,208.22999572753906
2019-05-28,212.6999969482422,206.38999938964844,208.10000610351562,208.19000244140625,2821600.0,208.19000244140625
2019-05-29,208.36000061035156,203.17999267578125,207.0,206.0500030517578,655600.0,206.0500030517578
2019-05-30,209.33999633789062,205.86000061035156,207.11000061035156,209.13999938964844,525800.0,209.13999938964844
2019-05-31,212.5800018310547,206.22000122070312,206.63999938964844,212.10000610351562,1200100.0,212.10000610351562
2019-06-03,213.61000061035156,194.83999633789062,211.3000030517578,197.33999633789062,1290800.0,197.33999633789062
2019-06-04,209.14999389648438,197.85000610351562,199.0800018310547,209.02000427246094,1000900.0,209.02000427246094
2019-06-05,216.77000427246094,209.27499389648438,211.5500030517578,216.77000427246094,737800.0,216.77000427246094
2019-06-06,220.9199981689453,213.1699981689453,216.77000427246094,219.2100067138672,620700.0,219.2100067138672
2019-06-07,223.88699340820312,219.7899932861328,220.33999633789062,222.4499969482422,674700.0,222.4499969482422
2019-06-10,230.89999389648438,221.3699951171875,227.41000366210938,221.91000366210938,1077300.0,221.91000366210938
2019-06-11,223.7899932861328,210.00999450683594,222.3699951171875,213.8300018310547,927700.0,213.8300018310547
2019-06-12,214.64999389648438,210.5,214.10000610351562,214.0,657300.0,214.0
2019-06-13,218.75999450683594,212.77000427246094,214.22999572753906,218.75999450683594,552600.0,218.75999450683594
2019-06-14,218.83999633789062,213.75999450683594,218.7100067138672,214.33999633789062,404900.0,214.33999633789062
2019-06-17,220.44000244140625,215.02999877929688,215.27000427246094,219.52000427246094,619700.0,219.52000427246094
2019-06-18,226.0,221.22000122070312,221.69000244140625,222.4199981689453,523100.0,222.4199981689453
2019-06-19,225.88999938964844,220.33799743652344,222.61000061035156,225.88999938964844,716600.0,225.88999938964844
2019-06-20,233.42999267578125,227.0,230.0,230.14999389648438,956500.0,230.14999389648438
2019-06-21,231.19000244140625,227.22000122070312,229.9600067138672,228.25,1126600.0,228.25
2019-06-24,229.97000122070312,224.22000122070312,228.33999633789062,225.75,584400.0,225.75
2019-06-25,226.61000061035156,216.9499969482422,226.19000244140625,218.35000610351562,793400.0,218.35000610351562
2019-06-26,222.17999267578125,216.66000366210938,220.30999755859375,216.82000732421875,662100.0,216.82000732421875
2019-06-27,224.72999572753906,217.77000427246094,218.7100067138672,224.55999755859375,476000.0,224.55999755859375
2019-06-28,226.8300018310547,221.7100067138672,225.3300018310547,226.72000122070312,709300.0,226.72000122070312
2019-07-01,232.18299865722656,226.19400024414062,230.6199951171875,227.0,647100.0,227.0
2019-07-02,233.07000732421875,225.74000549316406,227.0,232.9199981689453,650600.0,232.9199981689453
2019-07-03,237.38999938964844,233.58999633789062,234.94000244140625,235.74000549316406,419100.0,235.74000549316406
2019-07-05,239.3300018310547,232.1199951171875,234.5,239.3000030517578,320700.0,239.3000030517578
2019-07-08,241.14999389648438,236.39999389648438,237.67999267578125,239.05999755859375,500800.0,239.05999755859375
2019-07-09,242.08999633789062,238.1999969482422,238.88999938964844,239.9199981689453,746400.0,239.9199981689453
2019-07-10,245.375,241.3300018310547,241.64999389648438,244.47000122070312,608800.0,244.47000122070312
2019-07-11,246.85000610351562,242.27999877929688,245.0,243.8699951171875,522600.0,243.8699951171875
2019-07-12,245.6699981689453,242.17999267578125,244.33999633789062,243.63999938964844,438000.0,243.63999938964844
2019-07-15,245.66000366210938,242.7550048828125,243.9600067138672,243.3800048828125,399000.0,243.3800048828125
2019-07-16,244.83999633789062,239.1699981689453,243.77000427246094,239.97000122070312,556600.0,239.97000122070312
2019-07-17,244.30999755859375,240.1649932861328,240.4199981689453,242.41000366210938,398800.0,242.41000366210938
2019-07-18,242.67999267578125,237.60000610351562,241.58999633789062,242.0500030517578,610900.0,242.0500030517578
2019-07-19,242.60000610351562,232.39999389648438,239.10000610351562,232.80999755859375,624600.0,232.80999755859375
2019-07-22,236.1199951171875,231.55999755859375,233.41000366210938,233.92999267578125,497600.0,233.92999267578125
2019-07-23,235.5800018310547,230.0399932861328,234.89999389648438,231.88999938964844,393700.0,231.88999938964844
2019-07-24,235.80499267578125,228.67999267578125,231.2100067138672,235.1300048828125,464900.0,235.1300048828125
2019-07-25,237.30999755859375,232.55999755859375,234.1199951171875,235.1199951171875,404200.0,235.1199951171875
2019-07-26,238.97999572753906,234.55999755859375,237.3800048828125,235.1999969482422,548800.0,235.1999969482422
2019-07-29,236.6699981689453,223.74000549316406,235.55999755859375,229.61000061035156,732600.0,229.61000061035156
2019-07-30,229.91000366210938,225.8800048828125,227.1199951171875,228.6199951171875,882300.0,228.6199951171875
2019-07-31,246.0399932861328,235.05999755859375,243.69000244140625,240.75,1906900.0,240.75
2019-08-01,242.8000030517578,235.02000427246094,240.6199951171875,237.8800048828125,878300.0,237.8800048828125
2019-08-02,238.6300048828125,233.17999267578125,234.86000061035156,236.52000427246094,507200.0,236.52000427246094
2019-08-05,228.42999267578125,216.5500030517578,228.02999877929688,221.1699981689453,1064400.0,221.1699981689453
2019-08-06,228.27999877929688,224.10499572753906,225.5,225.30999755859375,677400.0,225.30999755859375
2019-08-07,232.5030059814453,222.02000427246094,225.13999938964844,231.1999969482422,588200.0,231.1999969482422
2019-08-08,241.24000549316406,232.4499969482422,232.4499969482422,240.47000122070312,650800.0,240.47000122070312
2019-08-09,242.30999755859375,236.47000122070312,239.11000061035156,240.6199951171875,432200.0,240.6199951171875
2019-08-12,242.34500122070312,236.3000030517578,238.66000366210938,239.10000610351562,261800.0,239.10000610351562
2019-08-13,244.8800048828125,237.6300048828125,238.72000122070312,243.5800018310547,459700.0,243.5800018310547
2019-08-14,240.82000732421875,229.5,238.4199981689453,232.3000030517578,532500.0,232.3000030517578
2019-08-15,236.19000244140625,231.55999755859375,233.6999969482422,235.13999938964844,350700.0,235.13999938964844
2019-08-16,242.2050018310547,237.97000122070312,238.5,241.4199981689453,446300.0,241.4199981689453
2019-08-19,246.33999633789062,242.20199584960938,245.0,243.66000366210938,471300.0,243.66000366210938
2019-08-20,248.44000244140625,240.13499450683594,242.91000366210938,246.97000122070312,516300.0,246.97000122070312
2019-08-21,256.8399963378906,249.47999572753906,250.0,251.89999389648438,637200.0,251.89999389648438
2019-08-22,253.51300048828125,244.86000061035156,252.0800018310547,248.60000610351562,794300.0,248.60000610351562
2019-08-23,256.56500244140625,248.5800018310547,249.5800018310547,248.91000366210938,732100.0,248.91000366210938
2019-08-26,252.86500549316406,248.5,252.05999755859375,252.67999267578125,499400.0,252.67999267578125
2019-08-27,257.57000732421875,250.2449951171875,255.4499969482422,255.10000610351562,528800.0,255.10000610351562
2019-08-28,253.74000549316406,246.00999450683594,252.6300048828125,253.22999572753906,555200.0,253.22999572753906
2019-08-29,259.7099914550781,253.49000549316406,257.989990234375,254.10000610351562,436800.0,254.10000610351562
2019-08-30,255.97999572753906,246.11099243164062,255.52000427246094,250.1199951171875,369500.0,250.1199951171875
2019-09-03,250.32000732421875,243.625,248.1999969482422,244.27000427246094,550400.0,244.27000427246094
2019-09-04,248.9600067138672,245.99000549316406,246.72000122070312,247.8800048828125,462800.0,247.8800048828125
2019-09-05,252.75,246.36000061035156,250.1999969482422,252.69000244140625,546900.0,252.69000244140625
2019-09-06,254.52999877929688,249.0,252.97000122070312,249.6199951171875,441300.0,249.6199951171875
2019-09-09,250.13999938964844,227.0,250.13999938964844,228.72000122070312,1162900.0,228.72000122070312
2019-09-10,225.0,205.4499969482422,225.0,211.32000732421875,1727400.0,211.32000732421875
2019-09-11,212.0,203.1719970703125,211.0,206.6999969482422,992800.0,206.6999969482422
2019-09-12,215.75999450683594,208.89999389648438,208.89999389648438,212.50999450683594,883100.0,212.50999450683594
2019-09-13,213.9499969482422,208.3800048828125,212.64999389648438,209.66000366210938,636400.0,209.66000366210938
2019-09-16,213.60000610351562,206.97999572753906,207.08999633789062,211.2899932861328,578000.0,211.2899932861328
2019-09-17,216.89999389648438,212.0,212.5500030517578,215.47000122070312,580700.0,215.47000122070312
2019-09-18,217.0,211.20899963378906,214.08999633789062,216.07000732421875,709100.0,216.07000732421875
2019-09-19,220.8699951171875,215.8699951171875,215.8699951171875,219.32000732421875,706400.0,219.32000732421875
2019-09-20,222.8800048828125,214.49000549316406,219.8000030517578,215.9600067138672,1437200.0,215.9600067138672
2019-09-23,218.88999938964844,213.72999572753906,215.94000244140625,217.44000244140625,587000.0,217.44000244140625
2019-09-24,219.92999267578125,207.85000610351562,218.88999938964844,208.92999267578125,756800.0,208.92999267578125
2019-09-25,211.75,201.2899932861328,209.39999389648438,211.25999450683594,639600.0,211.25999450683594
2019-09-26,213.26300048828125,208.2100067138672,211.5,212.3000030517578,307100.0,212.3000030517578
2019-09-27,213.2899932861328,203.77999877929688,213.2899932861328,206.39999389648438,442500.0,206.39999389648438
2019-09-30,210.77000427246094,203.25,206.0,209.49000549316406,729900.0,209.49000549316406
2019-10-01,211.15499877929688,206.2899932861328,209.5,207.94000244140625,446800.0,207.94000244140625
2019-10-02,206.71499633789062,199.41000366210938,206.64999389648438,204.57000732421875,487500.0,204.57000732421875
2019-10-03,209.9199981689453,201.24000549316406,205.0,209.1300048828125,601500.0,209.1300048828125
2019-10-04,214.44000244140625,210.00999450683594,211.0399932861328,214.2899932861328,542200.0,214.2899932861328
2019-10-07,215.58999633789062,212.80999755859375,213.49000549316406,214.3000030517578,311400.0,214.3000030517578
2019-10-08,213.85699462890625,206.85000610351562,212.5500030517578,207.60000610351562,345900.0,207.60000610351562
2019-10-09,215.7100067138672,210.61000061035156,210.9199981689453,215.30999755859375,343600.0,215.30999755859375
2019-10-10,215.99000549316406,213.33900451660156,214.3000030517578,214.17999267578125,263600.0,214.17999267578125
2019-10-11,221.7899932861328,216.7100067138672,217.97999572753906,220.02999877929688,483900.0,220.02999877929688
2019-10-14,223.0,219.57000732421875,220.08999633789062,220.39999389648438,278000.0,220.39999389648438
2019-10-15,223.0,220.1699981689453,221.3699951171875,220.8800048828125,344500.0,220.8800048828125
2019-10-16,215.74000549316406,205.17999267578125,215.42999267578125,212.11000061035156,437700.0,212.11000061035156
2019-10-17,214.1439971923828,209.3249969482422,213.8000030517578,210.19000244140625,324100.0,210.19000244140625
2019-10-18,211.3800048828125,199.10000610351562,209.94000244140625,202.97999572753906,702200.0,202.97999572753906
2019-10-21,207.66000366210938,202.00999450683594,204.94000244140625,206.02999877929688,330500.0,206.02999877929688
2019-10-22,208.08999633789062,189.2100067138672,206.60000610351562,190.60000610351562,799200.0,190.60000610351562
2019-10-23,197.47000122070312,189.44000244140625,190.0,194.61000061035156,756500.0,194.61000061035156
2019-10-24,204.14999389648438,196.74000549316406,196.77999877929688,203.5,485500.0,203.5
2019-10-25,210.44000244140625,202.5449981689453,204.72999572753906,209.6699981689453,535600.0,209.6699981689453
2019-10-28,212.35499572753906,206.52000427246094,210.11000061035156,209.0800018310547,640400.0,209.0800018310547
2019-10-29,212.99000549316406,208.22000122070312,209.85000610351562,209.16000366210938,566400.0,209.16000366210938
2019-10-30,213.6699981689453,195.27999877929688,207.0,213.0,1400900.0,213.0
2019-10-31,212.8300018310547,206.07000732421875,212.8300018310547,211.52999877929688,694200.0,211.52999877929688
2019-11-01,214.5500030517578,209.0,211.52000427246094,214.30999755859375,429600.0,214.30999755859375
2019-11-04,215.7570037841797,209.89500427246094,215.25,212.0500030517578,637100.0,212.0500030517578
2019-11-05,213.3000030517578,208.92999267578125,211.5,212.8000030517578,785200.0,212.8000030517578
2019-11-06,213.8800048828125,209.85000610351562,211.74000549316406,213.55999755859375,421600.0,213.55999755859375
2019-11-07,217.42999267578125,211.27999877929688,215.0,213.0,428000.0,213.0
2019-11-08,220.2169952392578,212.41000366210938,213.0,218.4199981689453,601200.0,218.4199981689453
2019-11-11,221.33999633789062,215.82000732421875,216.7100067138672,220.16000366210938,370300.0,220.16000366210938
2019-11-12,222.177001953125,219.30999755859375,220.10000610351562,222.0,432100.0,222.0
2019-11-13,226.72000122070312,220.41000366210938,221.08999633789062,226.6199951171875,469500.0,226.6199951171875
2019-11-14,230.8699951171875,225.13999938964844,226.52000427246094,230.8000030517578,584600.0,230.8000030517578
2019-11-15,232.7899932861328,229.07000732421875,232.25999450683594,232.75,516200.0,232.75
2019-11-18,237.9199981689453,232.36000061035156,232.6999969482422,235.25999450683594,550400.0,235.25999450683594
2019-11-19,241.8300018310547,236.1999969482422,236.32000732421875,239.49000549316406,653700.0,239.49000549316406
2019-11-20,261.510009765625,243.0,243.0,260.92999267578125,1557800.0,260.92999267578125
2019-11-21,263.6700134277344,258.3399963378906,261.989990234375,261.4599914550781,1037700.0,261.4599914550781
2019-11-22,263.3299865722656,258.1549987792969,261.3999938964844,263.30999755859375,616600.0,263.30999755859375
2019-11-25,269.17999267578125,263.989990234375,264.0,267.239990234375,586900.0,267.239990234375
2019-11-26,275.3299865722656,267.6000061035156,268.0,274.1000061035156,895200.0,274.1000061035156
2019-11-27,279.95001220703125,274.1199951171875,275.3399963378906,279.6600036621094,485600.0,279.6600036621094
2019-11-29,279.1610107421875,276.79998779296875,278.8900146484375,276.80999755859375,222500.0,276.80999755859375
2019-12-02,277.8450012207031,265.17999267578125,276.82000732421875,269.0400085449219,878300.0,269.0400085449219
2019-12-03,272.9800109863281,255.02099609375,258.989990234375,270.42999267578125,827600.0,270.42999267578125
2019-12-04,274.9750061035156,269.2900085449219,272.0899963378906,269.9100036621094,465900.0,269.9100036621094
2019-12-05,274.010009765625,268.489990234375,270.92999267578125,268.5299987792969,459100.0,268.5299987792969
2019-12-06,270.8399963378906,266.1549987792969,269.0,268.7900085449219,501300.0,268.7900085449219
2019-12-09,271.5,267.9750061035156,268.3999938964844,268.79998779296875,257000.0,268.79998779296875
2019-12-10,271.260009765625,265.29998779296875,269.9100036621094,265.5,355800.0,265.5
2019-12-11,267.3699951171875,258.2699890136719,265.739990234375,262.07000732421875,568000.0,262.07000732421875
2019-12-12,262.4150085449219,254.39999389648438,260.7699890136719,254.47999572753906,495300.0,254.47999572753906
2019-12-13,259.29998779296875,253.10000610351562,254.07000732421875,256.989990234375,364600.0,256.989990234375
2019-12-16,262.1300048828125,257.4200134277344,258.6499938964844,259.4800109863281,447700.0,259.4800109863281
2019-12-17,261.6300048828125,255.02000427246094,261.6300048828125,256.510009765625,383100.0,256.510009765625
2019-12-18,261.989990234375,256.7699890136719,256.7699890136719,259.3399963378906,320600.0,259.3399963378906
2019-12-19,262.7699890136719,259.0299987792969,259.0299987792969,261.760009765625,285600.0,261.760009765625
2019-12-20,264.6099853515625,261.3999938964844,263.07000732421875,263.5400085449219,324100.0,263.5400085449219
2019-12-23,268.54998779296875,263.80999755859375,263.94000244140625,265.0199890136719,407000.0,265.0199890136719
2019-12-24,266.6700134277344,264.0199890136719,264.8299865722656,264.6400146484375,111900.0,264.6400146484375
2019-12-26,270.0299987792969,265.3699951171875,265.3699951171875,268.7200012207031,318300.0,268.7200012207031
2019-12-27,270.80999755859375,266.0899963378906,269.989990234375,268.8900146484375,398100.0,268.8900146484375
2019-12-30,268.7900085449219,256.0450134277344,267.9800109863281,262.4200134277344,483300.0,262.4200134277344
2019-12-31,265.44000244140625,259.0,260.2799987792969,264.760009765625,663400.0,264.760009765625
2020-01-02,271.9800109863281,265.6499938964844,266.9200134277344,271.79998779296875,388700.0,271.79998779296875
2020-01-03,273.67999267578125,268.1099853515625,269.489990234375,272.7099914550781,343200.0,272.7099914550781
2020-01-06,278.20001220703125,267.0,267.8999938964844,278.0899963378906,446600.0,278.0899963378906
2020-01-07,282.6000061035156,276.78900146484375,278.3999938964844,279.489990234375,450800.0,279.489990234375
2020-01-08,286.6400146484375,279.6099853515625,280.5400085449219,283.1199951171875,532200.0,283.1199951171875
2020-01-09,287.8299865722656,283.29998779296875,285.0,285.2900085449219,506500.0,285.2900085449219
2020-01-10,288.260009765625,284.19000244140625,286.5,285.5799865722656,414300.0,285.5799865722656
2020-01-13,297.0899963378906,287.5899963378906,289.0,295.42999267578125,589600.0,295.42999267578125
2020-01-14,297.5299987792969,285.54998779296875,295.5299987792969,286.510009765625,751300.0,286.510009765625
2020-01-15,292.5,287.30999755859375,288.6300048828125,289.0899963378906,394300.0,289.0899963378906
2020-01-16,294.3999938964844,288.67999267578125,290.7200012207031,294.30999755859375,326600.0,294.30999755859375
2020-01-17,296.5159912109375,292.3659973144531,295.7799987792969,296.239990234375,310700.0,296.239990234375
2020-01-21,301.2099914550781,295.5419921875,296.20001220703125,299.7799987792969,463400.0,299.7799987792969
2020-01-22,306.3699951171875,300.739990234375,303.1400146484375,303.2799987792969,507600.0,303.2799987792969
2020-01-23,324.0,314.0199890136719,318.260009765625,314.8500061035156,3206400.0,314.8500061035156
2020-01-24,317.8699951171875,311.7099914550781,316.3299865722656,314.80999755859375,2162900.0,314.80999755859375
2020-01-27,314.45001220703125,307.4599914550781,307.4599914550781,312.5299987792969,9525500.0,312.5299987792969
2020-01-28,319.8999938964844,311.0050048828125,312.9800109863281,318.5899963378906,1116600.0,318.5899963378906
2020-01-29,324.75,318.3999938964844,320.44000244140625,322.04998779296875,1046600.0,322.04998779296875
2020-01-30,325.760009765625,318.0,320.79998779296875,325.6199951171875,601900.0,325.6199951171875
2020-01-31,323.9989929199219,317.8699951171875,323.45001220703125,318.1600036621094,871600.0,318.1600036621094
2020-02-03,325.3800048828125,318.17999267578125,321.1199951171875,323.4700012207031,926000.0,323.4700012207031
2020-02-04,337.989990234375,327.0899963378906,328.20001220703125,337.739990234375,1048600.0,337.739990234375
2020-02-05,342.0,318.7200012207031,341.6199951171875,322.5,1713200.0,322.5
2020-02-06,306.989990234375,288.1000061035156,301.0799865722656,290.7099914550781,2685700.0,290.7099914550781
2020-02-07,299.7300109863281,290.260009765625,290.260009765625,293.5299987792969,951500.0,293.5299987792969
2020-02-10,300.0,292.5,293.5299987792969,297.989990234375,815700.0,297.989990234375
2020-02-11,300.6099853515625,292.07000732421875,299.4200134277344,294.760009765625,826400.0,294.760009765625
2020-02-12,296.6050109863281,288.2799987792969,295.70001220703125,296.3599853515625,625400.0,296.3599853515625
2020-02-13,306.6099853515625,294.3599853515625,294.3599853515625,303.2900085449219,698800.0,303.2900085449219
2020-02-14,315.739990234375,304.7200012207031,304.7200012207031,314.42999267578125,864600.0,314.42999267578125
2020-02-18,318.510009765625,311.6409912109375,314.2699890136719,318.1600036621094,666200.0,318.1600036621094
2020-02-19,325.989990234375,320.510009765625,320.7099914550781,324.4800109863281,859200.0,324.4800109863281
2020-02-20,325.1700134277344,305.2200012207031,324.8900146484375,310.3299865722656,942600.0,310.3299865722656
2020-02-21,309.510009765625,299.2200012207031,308.9100036621094,300.3900146484375,786500.0,300.3900146484375
2020-02-24,299.0,285.20001220703125,285.3999938964844,295.7699890136719,1046000.0,295.7699890136719
2020-02-25,301.6300048828125,287.8500061035156,299.75,288.9100036621094,907000.0,288.9100036621094
2020-02-26,300.5199890136719,287.67999267578125,288.1700134277344,291.9200134277344,672900.0,291.9200134277344
2020-02-27,293.57000732421875,277.6700134277344,280.2200012207031,281.3599853515625,861100.0,281.3599853515625
2020-02-28,283.6000061035156,264.510009765625,270.989990234375,282.6499938964844,1463600.0,282.6499938964844
2020-03-02,292.3299865722656,276.1199951171875,285.9800109863281,291.9599914550781,810900.0,291.9599914550781
2020-03-03,297.6400146484375,274.0299987792969,293.6300048828125,282.29998779296875,714400.0,282.29998779296875
2020-03-04,293.69500732421875,282.43499755859375,287.4599914550781,293.69000244140625,572900.0,293.69000244140625
2020-03-05,295.3949890136719,281.0299987792969,288.0400085449219,282.260009765625,654300.0,282.260009765625
2020-03-06,274.9700012207031,257.3299865722656,273.989990234375,267.7099914550781,1037700.0,267.7099914550781
2020-03-09,255.85499572753906,235.7050018310547,240.02999877929688,240.83999633789062,1361300.0,240.83999633789062
2020-03-10,248.52999877929688,232.5,246.44000244140625,239.47999572753906,1203100.0,239.47999572753906
2020-03-11,238.4199981689453,216.9499969482422,234.52999877929688,220.67999267578125,1345000.0,220.67999267578125
2020-03-12,219.6300048828125,185.3699951171875,189.38999938964844,191.97999572753906,1971300.0,191.97999572753906
2020-03-13,226.64999389648438,196.58599853515625,205.6300048828125,226.6199951171875,1622000.0,226.6199951171875
2020-03-16,208.8300018310547,184.38999938964844,196.35000610351562,196.27000427246094,1298600.0,196.27000427246094
2020-03-17,216.85000610351562,190.49000549316406,200.1300048828125,216.75,1051000.0,216.75
2020-03-18,204.36000061035156,186.99000549316406,199.2100067138672,192.38999938964844,1267700.0,192.38999938964844
2020-03-19,203.8300018310547,182.0800018310547,193.49000549316406,197.5500030517578,1191800.0,197.5500030517578
2020-03-20,218.44000244140625,190.02000427246094,203.25999450683594,192.80999755859375,1453700.0,192.80999755859375
2020-03-23,191.99000549316406,173.64599609375,191.10000610351562,178.94000244140625,1654500.0,178.94000244140625
2020-03-24,201.99000549316406,184.19000244140625,190.4499969482422,201.6199951171875,1349100.0,201.6199951171875
2020-03-25,218.9499969482422,192.6300048828125,202.9199981689453,210.64999389648438,1130000.0,210.64999389648438
2020-03-26,230.3800048828125,202.13999938964844,204.25,229.2100067138672,1086800.0,229.2100067138672
2020-03-27,223.97000122070312,207.46499633789062,220.32000732421875,208.94000244140625,1114800.0,208.94000244140625
2020-03-30,219.0,208.94000244140625,209.74000549316406,213.1199951171875,796700.0,213.1199951171875
2020-03-31,212.33399963378906,198.6300048828125,210.00999450683594,202.00999450683594,1008200.0,202.00999450683594
2020-04-01,198.43899536132812,183.2949981689453,193.0,187.44000244140625,1030200.0,187.44000244140625
2020-04-02,185.99000549316406,173.07000732421875,183.6999969482422,181.25999450683594,1359100.0,181.25999450683594
2020-04-03,181.99000549316406,163.4199981689453,180.82000732421875,165.00999450683594,1886800.0,165.00999450683594
2020-04-06,183.7899932861328,171.00999450683594,175.0500030517578,181.85000610351562,1520900.0,181.85000610351562
2020-04-07,204.3300018310547,185.2449951171875,194.99000549316406,186.02000427246094,1617200.0,186.02000427246094
2020-04-08,205.17799377441406,189.2899932861328,190.30999755859375,202.5800018310547,787000.0,202.5800018310547
2020-04-09,230.77000427246094,207.0800018310547,209.3000030517578,221.99000549316406,2279300.0,221.99000549316406
2020-04-13,221.97999572753906,210.0399932861328,221.0500030517578,216.35000610351562,1015400.0,216.35000610351562
2020-04-14,233.32000732421875,222.27999877929688,229.0,228.50999450683594,856600.0,228.50999450683594
2020-04-15,226.44000244140625,219.9199981689453,221.2100067138672,226.39999389648438,784900.0,226.39999389648438
2020-04-16,229.5,206.00999450683594,226.3000030517578,206.7100067138672,1478800.0,206.7100067138672
2020-04-17,227.5449981689453,213.00999450683594,216.57000732421875,224.99000549316406,1466100.0,224.99000549316406
2020-04-20,229.1230010986328,219.1300048828125,221.60000610351562,222.36000061035156,650200.0,222.36000061035156
2020-04-21,217.39999389648438,205.05999755859375,216.4199981689453,208.1999969482422,764100.0,208.1999969482422
2020-04-22,219.41000366210938,212.89999389648438,214.25999450683594,217.74000549316406,559100.0,217.74000549316406
2020-04-23,217.61000061035156,205.093994140625,205.61000061035156,211.6699981689453,1078000.0,211.6699981689453
2020-04-24,214.72000122070312,207.3000030517578,214.02000427246094,211.8000030517578,742500.0,211.8000030517578
2020-04-27,227.05999755859375,216.1300048828125,218.3800048828125,226.10000610351562,789300.0,226.10000610351562
2020-04-28,241.0,230.82000732421875,235.22000122070312,236.69000244140625,1345300.0,236.69000244140625
2020-04-29,272.8599853515625,238.72999572753906,240.50999450683594,270.0,2231300.0,270.0
2020-04-30,271.0450134277344,260.3999938964844,264.5400085449219,261.0199890136719,1069100.0,261.0199890136719
2020-05-01,255.0,235.4499969482422,253.0,241.66000366210938,1339000.0,241.66000366210938
2020-05-04,249.52000427246094,233.5,236.97999572753906,248.1199951171875,696400.0,248.1199951171875
2020-05-05,261.70001220703125,251.11000061035156,253.30999755859375,256.9800109863281,668200.0,256.9800109863281
2020-05-06,260.7619934082031,253.21499633789062,259.44000244140625,255.0399932861328,542300.0,255.0399932861328
2020-05-07,274.989990234375,261.6400146484375,261.6400146484375,268.82000732421875,1033200.0,268.82000732421875
2020-05-08,275.9429931640625,266.69000244140625,273.6199951171875,272.0299987792969,673100.0,272.0299987792969
2020-05-11,280.2099914550781,268.489990234375,269.6499938964844,274.2900085449219,591500.0,274.2900085449219
2020-05-12,276.04998779296875,263.1099853515625,275.1400146484375,263.45001220703125,565600.0,263.45001220703125
2020-05-13,263.7300109863281,240.16000366210938,262.3500061035156,243.30999755859375,1420300.0,243.30999755859375
2020-05-14,252.9499969482422,233.27000427246094,239.94000244140625,252.80999755859375,1100000.0,252.80999755859375
2020-05-15,264.55999755859375,252.3300018310547,252.3300018310547,261.67999267578125,933000.0,261.67999267578125
2020-05-18,287.04998779296875,271.2550048828125,274.0,283.8999938964844,1519500.0,283.8999938964844
2020-05-19,290.8599853515625,279.6700134277344,285.0400085449219,279.69000244140625,868400.0,279.69000244140625
2020-05-20,280.94000244140625,268.6099853515625,276.010009765625,273.4700012207031,1291600.0,273.4700012207031
2020-05-21,277.739990234375,268.260009765625,275.0,274.2799987792969,598900.0,274.2799987792969
2020-05-22,274.67999267578125,267.07000732421875,274.0,269.3500061035156,648300.0,269.3500061035156
2020-05-26,283.9800109863281,275.54998779296875,280.0,280.29998779296875,785400.0,280.29998779296875
2020-05-27,287.4800109863281,272.25,283.1000061035156,287.05999755859375,860900.0,287.05999755859375
2020-05-28,298.5,285.0400085449219,287.0,287.2099914550781,800400.0,287.2099914550781
2020-05-29,297.6499938964844,286.4100036621094,288.0,297.2300109863281,1071000.0,297.2300109863281
2020-06-01,309.2799987792969,294.60101318359375,296.70001220703125,305.6099853515625,751700.0,305.6099853515625
2020-06-02,308.3299865722656,299.04998779296875,305.6000061035156,306.8399963378906,561300.0,306.8399963378906
2020-06-03,310.45001220703125,305.3599853515625,308.7900085449219,306.9800109863281,469400.0,306.9800109863281
2020-06-04,306.6499938964844,298.19500732421875,303.7799987792969,303.1700134277344,536600.0,303.1700134277344
2020-06-05,330.6099853515625,308.7799987792969,310.44000244140625,329.7799987792969,1393400.0,329.7799987792969
2020-06-08,333.3999938964844,323.989990234375,328.94000244140625,331.0199890136719,828200.0,331.0199890136719
2020-06-09,331.45001220703125,324.0199890136719,325.0,327.6000061035156,751700.0,327.6000061035156
2020-06-10,336.8599853515625,319.07000732421875,328.25,331.5,733100.0,331.5
2020-06-11,315.0,294.6400146484375,313.7799987792969,295.67999267578125,1024000.0,295.67999267578125
2020-06-12,315.9100036621094,296.2699890136719,308.6300048828125,302.79998779296875,629400.0,302.79998779296875
2020-06-15,311.239990234375,291.2900085449219,294.6000061035156,307.7200012207031,532600.0,307.7200012207031
2020-06-16,321.27398681640625,306.29998779296875,319.0400085449219,312.6400146484375,654800.0,312.6400146484375
2020-06-17,317.4800109863281,308.6600036621094,317.4800109863281,309.0199890136719,385700.0,309.0199890136719
2020-06-18,319.92999267578125,306.9100036621094,310.8399963378906,316.29998779296875,578000.0,316.29998779296875
2020-06-19,324.30999755859375,314.4209899902344,320.6499938964844,318.1600036621094,722400.0,318.1600036621094
2020-06-22,325.2650146484375,318.9700012207031,318.9700012207031,322.6600036621094,372200.0,322.6600036621094
2020-06-23,331.29998779296875,324.0,326.30999755859375,329.6400146484375,493800.0,329.6400146484375
2020-06-24,331.92999267578125,310.239990234375,326.239990234375,312.57000732421875,684800.0,312.57000732421875
2020-06-25,318.92999267578125,307.6789855957031,310.8900146484375,317.0400085449219,381700.0,317.0400085449219
2020-06-26,318.95001220703125,304.489990234375,316.5,306.3699951171875,1973500.0,306.3699951171875
2020-06-29,309.4599914550781,293.3599853515625,307.0,300.3599853515625,770200.0,300.3599853515625
2020-06-30,310.4700012207031,299.010009765625,301.92999267578125,309.7300109863281,862900.0,309.7300109863281
2020-07-01,323.1600036621094,310.0870056152344,311.20001220703125,320.260009765625,561800.0,320.260009765625
2020-07-02,328.54998779296875,320.3599853515625,327.7799987792969,321.5,428300.0,321.5
2020-07-06,329.4200134277344,321.07000732421875,326.1700134277344,321.4100036621094,554500.0,321.4100036621094
2020-07-07,326.2900085449219,313.1199951171875,319.70001220703125,313.7300109863281,519500.0,313.7300109863281
2020-07-08,320.1650085449219,313.1199951171875,314.989990234375,319.1400146484375,387000.0,319.1400146484375
2020-07-09,324.739990234375,309.489990234375,322.6000061035156,314.010009765625,666500.0,314.010009765625
2020-07-10,315.2300109863281,307.010009765625,314.0,309.0,421900.0,309.0
2020-07-13,312.6499938964844,290.0799865722656,312.2099914550781,290.25,619500.0,290.25
2020-07-14,289.57000732421875,276.5899963378906,288.7799987792969,286.44000244140625,852100.0,286.44000244140625
2020-07-15,297.6199951171875,289.0,291.4599914550781,294.19000244140625,433800.0,294.19000244140625
2020-07-16,293.239990234375,285.8999938964844,291.2900085449219,290.29998779296875,350300.0,290.29998779296875
2020-07-17,296.92999267578125,286.5199890136719,292.2200012207031,295.07000732421875,313200.0,295.07000732421875
2020-07-20,303.5400085449219,292.7300109863281,296.2699890136719,302.79998779296875,338800.0,302.79998779296875
2020-07-21,305.8500061035156,292.4599914550781,305.45001220703125,293.8999938964844,336700.0,293.8999938964844
2020-07-22,301.92999267578125,293.7099914550781,293.7099914550781,298.05999755859375,263400.0,298.05999755859375
2020-07-23,306.9360046386719,287.8399963378906,298.010009765625,291.20001220703125,385100.0,291.20001220703125
2020-07-24,294.3800048828125,282.0400085449219,287.1199951171875,286.9700012207031,279800.0,286.9700012207031
2020-07-27,291.79998779296875,285.9200134277344,289.010009765625,290.2900085449219,206400.0,290.2900085449219
2020-07-28,292.3900146484375,286.54998779296875,288.6600036621094,286.7900085449219,244500.0,286.7900085449219
2020-07-29,295.05999755859375,290.0,293.0,294.4200134277344,320300.0,294.4200134277344
2020-07-30,289.0799865722656,278.0299987792969,288.57000732421875,286.5299987792969,515400.0,286.5299987792969
2020-07-31,290.0,277.2300109863281,288.57000732421875,284.3699951171875,562800.0,284.3699951171875
2020-08-03,290.32000732421875,283.239990234375,286.1300048828125,288.0799865722656,604300.0,288.0799865722656
2020-08-04,288.7300109863281,281.45001220703125,286.8299865722656,285.5,748600.0,285.5
2020-08-05,304.6700134277344,283.19000244140625,284.9599914550781,302.04998779296875,1244000.0,302.04998779296875
2020-08-06,302.489990234375,289.29998779296875,296.6700134277344,298.6600036621094,663800.0,298.6600036621094
2020-08-07,301.260009765625,292.69000244140625,297.6099853515625,296.6600036621094,741300.0,296.6600036621094
2020-08-10,295.1700134277344,282.0,295.1700134277344,289.44000244140625,669600.0,289.44000244140625
2020-08-11,294.80999755859375,282.6300048828125,289.2099914550781,285.489990234375,464500.0,285.489990234375
2020-08-12,290.2900085449219,285.3900146484375,286.94000244140625,287.70001220703125,341900.0,287.70001220703125
2020-08-13,305.8599853515625,288.05999755859375,288.05999755859375,301.8800048828125,497900.0,301.8800048828125
2020-08-14,309.3299865722656,300.6400146484375,304.1700134277344,303.07000732421875,717800.0,303.07000732421875
2020-08-17,307.32501220703125,298.7900085449219,306.29998779296875,299.04998779296875,416800.0,299.04998779296875
2020-08-18,301.05999755859375,291.1300048828125,299.82000732421875,292.30999755859375,401200.0,292.30999755859375
2020-08-19,295.13800048828125,287.30999755859375,293.0,293.0,393600.0,293.0
2020-08-20,297.489990234375,290.0299987792969,290.0299987792969,293.42999267578125,427500.0,293.42999267578125
2020-08-21,292.69000244140625,286.44000244140625,292.69000244140625,287.2099914550781,278200.0,287.2099914550781
2020-08-24,290.0,283.0799865722656,289.6499938964844,284.42999267578125,300800.0,284.42999267578125
2020-08-25,287.9800109863281,283.3699951171875,284.3399963378906,287.2699890136719,341700.0,287.2699890136719
2020-08-26,300.05999755859375,289.2900085449219,289.57000732421875,295.8399963378906,400300.0,295.8399963378906
2020-08-27,298.5299987792969,291.0799865722656,295.6700134277344,293.0,372800.0,293.0
2020-08-28,301.6499938964844,294.75,294.94000244140625,299.8399963378906,317100.0,299.8399963378906
2020-08-31,305.71600341796875,299.42999267578125,299.6499938964844,299.4599914550781,606700.0,299.4599914550781
2020-09-01,311.8900146484375,300.7900085449219,302.95001220703125,307.5199890136719,392800.0,307.5199890136719
2020-09-02,311.4800109863281,301.4750061035156,311.4800109863281,305.29998779296875,463100.0,305.29998779296875
2020-09-03,300.6499938964844,280.05999755859375,300.6499938964844,284.0,792000.0,284.0
2020-09-04,285.6300048828125,265.1499938964844,280.0400085449219,270.75,638800.0,270.75
2020-09-08,280.2099914550781,257.8699951171875,259.1000061035156,272.510009765625,685600.0,272.510009765625
2020-09-09,286.0400085449219,278.3299865722656,279.5299987792969,280.1700134277344,502100.0,280.1700134277344
2020-09-10,289.0,273.7699890136719,282.5199890136719,275.489990234375,296600.0,275.489990234375
2020-09-11,279.0,263.3500061035156,278.6400146484375,265.489990234375,479900.0,265.489990234375
2020-09-14,274.5199890136719,268.7250061035156,269.0400085449219,272.6400146484375,284100.0,272.6400146484375
2020-09-15,280.7149963378906,273.739990234375,275.3900146484375,280.0899963378906,368600.0,280.0899963378906
2020-09-16,291.7200012207031,280.4280090332031,285.739990234375,280.54998779296875,359800.0,280.54998779296875
2020-09-17,279.1000061035156,270.760009765625,271.9800109863281,278.92999267578125,434800.0,278.92999267578125
2020-09-18,282.32501220703125,269.7699890136719,279.30999755859375,273.70001220703125,649100.0,273.70001220703125
2020-09-21,274.3699951171875,265.0,268.07000732421875,274.32000732421875,541700.0,274.32000732421875
2020-09-22,280.3399963378906,271.45001220703125,275.9800109863281,280.0799865722656,339900.0,280.0799865722656
2020-09-23,283.5,273.447998046875,279.6499938964844,275.5299987792969,249000.0,275.5299987792969
2020-09-24,278.8999938964844,265.7099914550781,273.4700012207031,273.4100036621094,334500.0,273.4100036621094
2020-09-25,285.3599853515625,270.2099914550781,273.2799987792969,283.70001220703125,291900.0,283.70001220703125
2020-09-28,291.6499938964844,286.0,288.67999267578125,290.8299865722656,307200.0,290.8299865722656
2020-09-29,304.92999267578125,292.2300109863281,292.57000732421875,303.8299865722656,670600.0,303.8299865722656
2020-09-30,312.7200012207031,301.2850036621094,302.3500061035156,311.29998779296875,904100.0,311.29998779296875
2020-10-01,321.2900085449219,313.5299987792969,315.55999755859375,320.44000244140625,776500.0,320.44000244140625
2020-10-02,335.20001220703125,320.95001220703125,326.0,331.5299987792969,826100.0,331.5299987792969
2020-10-05,344.6499938964844,327.0199890136719,331.8900146484375,342.8699951171875,661000.0,342.8699951171875
2020-10-06,346.1499938964844,335.29998779296875,342.3800048828125,339.2799987792969,713500.0,339.2799987792969
2020-10-07,353.1499938964844,335.6099853515625,341.989990234375,351.8299865722656,573700.0,351.8299865722656
2020-10-08,361.9200134277344,354.635009765625,359.70001220703125,359.5299987792969,492800.0,359.5299987792969
2020-10-09,368.42999267578125,360.79998779296875,361.0,366.0,525500.0,366.0
2020-10-12,370.32000732421875,358.07000732421875,368.4800109863281,366.8399963378906,417800.0,366.8399963378906
2020-10-13,376.3900146484375,365.1600036621094,366.2300109863281,373.7799987792969,501100.0,373.7799987792969
2020-10-14,379.3299865722656,368.57501220703125,376.4200134277344,372.94000244140625,290000.0,372.94000244140625
2020-10-15,378.2590026855469,362.0,365.1300048828125,375.9100036621094,273600.0,375.9100036621094
2020-10-16,385.0199890136719,377.5299987792969,379.0,381.79998779296875,267200.0,381.79998779296875
2020-10-19,389.8399963378906,378.6499938964844,386.4100036621094,383.1199951171875,323100.0,383.1199951171875
2020-10-20,393.0199890136719,383.1400146484375,383.1400146484375,384.67999267578125,261900.0,384.67999267578125
2020-10-21,397.510009765625,375.30999755859375,396.0,376.07000732421875,389200.0,376.07000732421875
2020-10-22,381.0799865722656,366.42999267578125,377.0299987792969,377.3299865722656,336600.0,377.3299865722656
2020-10-23,388.9800109863281,377.489990234375,380.9800109863281,388.6499938964844,364400.0,388.6499938964844
2020-10-26,383.7250061035156,371.7149963378906,382.1400146484375,378.4200134277344,285700.0,378.4200134277344
2020-10-27,386.9800109863281,380.29998779296875,381.5400085449219,382.70001220703125,303500.0,382.70001220703125
2020-10-28,375.67498779296875,367.4599914550781,373.8999938964844,371.54998779296875,341900.0,371.54998779296875
2020-10-29,377.8800048828125,371.2699890136719,372.1700134277344,373.0899963378906,319700.0,373.0899963378906
2020-10-30,370.8240051269531,356.5899963378906,370.4800109863281,364.0899963378906,298000.0,364.0899963378906
2020-11-02,371.4750061035156,354.4700012207031,364.0899963378906,360.6000061035156,424200.0,360.6000061035156
2020-11-03,372.6199951171875,363.4800109863281,366.0,369.1400146484375,328600.0,369.1400146484375
2020-11-04,397.8399963378906,380.0,380.0,397.42999267578125,608700.0,397.42999267578125
2020-11-05,399.75,368.7590026855469,393.8699951171875,373.260009765625,850500.0,373.260009765625
2020-11-06,390.6400146484375,365.05999755859375,372.75,388.1199951171875,471600.0,388.1199951171875
2020-11-09,419.9800109863281,395.1400146484375,396.010009765625,405.04998779296875,703200.0,405.04998779296875
2020-11-10,402.9200134277344,372.6449890136719,400.17999267578125,377.67999267578125,570600.0,377.67999267578125
2020-11-11,394.5,380.44000244140625,387.510009765625,381.4599914550781,337200.0,381.4599914550781
2020-11-12,393.04998779296875,378.2799987792969,382.82000732421875,379.9800109863281,297500.0,379.9800109863281
2020-11-13,386.8999938964844,375.593994140625,381.75,381.7200012207031,259100.0,381.7200012207031
2020-11-16,385.739990234375,376.30999755859375,381.989990234375,379.3299865722656,251100.0,379.3299865722656
2020-11-17,384.0,372.80999755859375,379.04998779296875,381.6600036621094,191900.0,381.6600036621094
2020-11-18,387.69000244140625,376.0799865722656,380.9800109863281,380.2699890136719,248700.0,380.2699890136719
2020-11-19,393.1700134277344,379.9700012207031,383.1099853515625,392.6400146484375,278600.0,392.6400146484375
2020-11-20,400.6499938964844,386.80999755859375,390.45001220703125,392.7099914550781,252100.0,392.7099914550781
2020-11-23,405.9100036621094,393.0,395.7799987792969,402.489990234375,269000.0,402.489990234375
2020-11-24,407.4100036621094,396.0,407.4100036621094,400.4800109863281,230700.0,400.4800109863281
2020-11-25,409.1499938964844,399.29998779296875,402.7799987792969,407.1700134277344,300000.0,407.1700134277344
2020-11-27,418.05999755859375,410.1700134277344,410.1700134277344,416.7699890136719,155900.0,416.7699890136719
2020-11-30,422.5,405.010009765625,415.42999267578125,417.0799865722656,394800.0,417.0799865722656
2020-12-01,422.0,411.82000732421875,419.2699890136719,415.7099914550781,274100.0,415.7099914550781
2020-12-02,421.1000061035156,404.92999267578125,409.3800048828125,419.6000061035156,252900.0,419.6000061035156
2020-12-03,437.0,419.75,419.75,428.4800109863281,336700.0,428.4800109863281
2020-12-04,439.7300109863281,430.45001220703125,430.45001220703125,437.1499938964844,354600.0,437.1499938964844
2020-12-07,442.8500061035156,433.1400146484375,436.25,437.0,270700.0,437.0
2020-12-08,442.1499938964844,433.3699951171875,437.29998779296875,440.010009765625,347800.0,440.010009765625
2020-12-09,441.010009765625,420.2300109863281,437.42999267578125,421.6600036621094,340000.0,421.6600036621094
2020-12-10,430.2099914550781,414.6650085449219,420.0,426.989990234375,417200.0,426.989990234375
2020-12-11,430.1629943847656,419.92999267578125,426.2900085449219,423.8900146484375,301100.0,423.8900146484375
2020-12-14,430.0,419.17999267578125,426.44000244140625,425.9800109863281,322500.0,425.9800109863281
2020-12-15,434.7200012207031,424.3900146484375,429.80999755859375,425.29998779296875,446900.0,425.29998779296875
2020-12-16,430.1400146484375,423.2799987792969,425.29998779296875,423.2900085449219,364800.0,423.2900085449219
2020-12-17,442.25,423.2900085449219,424.0,441.79998779296875,515100.0,441.79998779296875
2020-12-18,443.8500061035156,433.7250061035156,442.6700134277344,439.8399963378906,839300.0,439.8399963378906
2020-12-21,449.7699890136719,431.20001220703125,435.69000244140625,445.5899963378906,399900.0,445.5899963378906
2020-12-22,466.5400085449219,446.04998779296875,448.0400085449219,465.1300048828125,508200.0,465.1300048828125
2020-12-23,471.0799865722656,460.55999755859375,465.8500061035156,464.3699951171875,333900.0,464.3699951171875
2020-12-24,465.0199890136719,458.0,465.0199890136719,462.1300048828125,95400.0,462.1300048828125
2020-12-28,468.17999267578125,455.260009765625,468.0,463.5899963378906,309000.0,463.5899963378906
2020-12-29,464.6499938964844,445.7349853515625,464.0,447.5899963378906,362800.0,447.5899963378906
2020-12-30,452.6199951171875,446.17999267578125,452.6199951171875,447.9100036621094,520000.0,447.9100036621094
2020-12-31,453.75,444.7699890136719,447.0899963378906,452.25,367800.0,452.25
2021-01-04,450.1600036621094,421.7200012207031,450.0,427.7300109863281,497900.0,427.7300109863281
2021-01-05,433.5199890136719,421.0,423.4800109863281,426.8800048828125,474600.0,426.8800048828125
2021-01-06,425.1700134277344,411.1300048828125,421.0,413.8900146484375,514000.0,413.8900146484375
2021-01-07,433.2699890136719,418.1199951171875,418.1199951171875,431.739990234375,352400.0,431.739990234375
2021-01-08,449.0,434.6700134277344,437.1099853515625,441.1300048828125,357100.0,441.1300048828125
2021-01-11,436.7200012207031,426.6199951171875,436.7200012207031,427.1600036621094,237800.0,427.1600036621094
2021-01-12,427.760009765625,415.70001220703125,427.2900085449219,420.79998779296875,419100.0,420.79998779296875
2021-01-13,424.19000244140625,413.8299865722656,422.9700012207031,415.54998779296875,320100.0,415.54998779296875
2021-01-14,423.6369934082031,410.6600036621094,418.2300109863281,412.989990234375,363400.0,412.989990234375
2021-01-15,415.6700134277344,398.8599853515625,415.1099853515625,399.0,544900.0,399.0
2021-01-19,403.2900085449219,394.2200012207031,400.0,397.3299865722656,668000.0,397.3299865722656
2021-01-20,410.5400085449219,395.7300109863281,399.6000061035156,408.7699890136719,821600.0,408.7699890136719
2021-01-21,412.260009765625,403.1499938964844,410.1300048828125,404.5299987792969,249600.0,404.5299987792969
2021-01-22,410.95001220703125,402.5299987792969,404.25,409.79998779296875,266600.0,409.79998779296875
2021-01-25,416.3500061035156,399.010009765625,412.7099914550781,410.2200012207031,383400.0,410.2200012207031
2021-01-26,410.43499755859375,390.4599914550781,409.8399963378906,392.19000244140625,463800.0,392.19000244140625
2021-01-27,387.8500061035156,374.3399963378906,383.6199951171875,376.4599914550781,632600.0,376.4599914550781
2021-01-28,395.0,380.1400146484375,380.2300109863281,386.7900085449219,402800.0,386.7900085449219
2021-01-29,386.4949951171875,373.69000244140625,383.739990234375,379.739990234375,354800.0,379.739990234375
2021-02-01,397.7200012207031,384.2200012207031,385.0,396.45001220703125,339000.0,396.45001220703125
2021-02-02,416.20001220703125,394.4800109863281,400.2300109863281,412.07000732421875,345900.0,412.07000732421875
2021-02-03,419.6499938964844,409.7699890136719,414.489990234375,415.4700012207031,411600.0,415.4700012207031
2021-02-04,429.0799865722656,414.69000244140625,417.9599914550781,428.1600036621094,315100.0,428.1600036621094
2021-02-05,439.0,430.0,432.3699951171875,434.2200012207031,404500.0,434.2200012207031
2021-02-08,441.4200134277344,426.95001220703125,436.0,429.4800109863281,295900.0,429.4800109863281
2021-02-09,435.510009765625,425.0199890136719,429.29998779296875,433.0199890136719,268000.0,433.0199890136719
2021-02-10,434.0150146484375,419.2699890136719,434.0,425.70001220703125,414800.0,425.70001220703125
2021-02-11,443.1400146484375,402.3599853515625,429.3699951171875,407.32000732421875,769300.0,407.32000732421875
2021-02-12,413.69000244140625,401.9200134277344,403.7900085449219,412.9800109863281,459100.0,412.9800109863281
2021-02-16,413.8800048828125,389.0199890136719,413.8800048828125,389.989990234375,558700.0,389.989990234375
2021-02-17,392.44000244140625,376.8949890136719,386.3900146484375,391.75,640100.0,391.75
2021-02-18,406.0899963378906,384.5400085449219,389.9599914550781,401.54998779296875,433100.0,401.54998779296875
2021-02-19,411.989990234375,399.5,402.30999755859375,400.1300048828125,623600.0,400.1300048828125
2021-02-22,394.8699951171875,379.6400146484375,393.70001220703125,380.739990234375,381200.0,380.739990234375
2021-02-23,380.89300537109375,355.94000244140625,372.8299865722656,377.3599853515625,618700.0,377.3599853515625
2021-02-24,387.2900085449219,366.0400085449219,375.9800109863281,386.9700012207031,568600.0,386.9700012207031
2021-02-25,385.8800048828125,364.239990234375,384.8699951171875,368.30999755859375,434900.0,368.30999755859375
2021-02-26,378.95001220703125,367.4599914550781,372.7300109863281,374.239990234375,450200.0,374.239990234375
2021-03-01,391.45001220703125,380.69000244140625,381.6000061035156,386.95001220703125,418700.0,386.95001220703125
2021-03-02,391.0299987792969,379.9800109863281,390.3500061035156,380.2099914550781,372300.0,380.2099914550781
2021-03-03,377.05999755859375,361.0400085449219,375.739990234375,363.0799865722656,370400.0,363.0799865722656
2021-03-04,364.3399963378906,340.8399963378906,358.6000061035156,348.69000244140625,476600.0,348.69000244140625
2021-03-05,380.8800048828125,351.7300109863281,359.57000732421875,375.5299987792969,821500.0,375.5299987792969
2021-03-08,380.3299865722656,365.3599853515625,371.82000732421875,366.2300109863281,545500.0,366.2300109863281
2021-03-09,391.3399963378906,375.8500061035156,381.7699890136719,379.260009765625,412100.0,379.260009765625
2021-03-10,396.510009765625,377.0,383.760009765625,377.739990234375,436100.0,377.739990234375
2021-03-11,395.6000061035156,384.45001220703125,386.54998779296875,389.8399963378906,315400.0,389.8399963378906
2021-03-12,385.02398681640625,376.97100830078125,382.0,384.29998779296875,252300.0,384.29998779296875
2021-03-15,394.2799987792969,381.5299987792969,384.5899963378906,393.8399963378906,337300.0,393.8399963378906
2021-03-16,397.3399963378906,375.3800048828125,396.1000061035156,380.20001220703125,310300.0,380.20001220703125
2021-03-17,390.3599853515625,370.1199951171875,376.3900146484375,384.70001220703125,267500.0,384.70001220703125
2021-03-18,379.760009765625,364.2699890136719,379.2200012207031,365.3599853515625,324000.0,365.3599853515625
2021-03-19,379.1199951171875,364.9849853515625,367.6000061035156,372.5299987792969,436300.0,372.5299987792969
2021-03-22,385.3900146484375,370.75,370.75,378.75,335100.0,378.75
2021-03-23,382.45001220703125,371.0799865722656,377.7200012207031,373.8900146484375,240500.0,373.8900146484375
2021-03-24,377.0,363.3599853515625,374.8299865722656,364.3699951171875,263600.0,364.3699951171875
2021-03-25,364.0799865722656,353.2099914550781,358.5799865722656,363.04998779296875,349900.0,363.04998779296875
2021-03-26,372.8800048828125,358.42999267578125,363.6099853515625,372.6099853515625,355100.0,372.6099853515625
2021-03-29,375.0,356.6199951171875,371.6400146484375,364.42999267578125,248600.0,364.42999267578125
2021-03-30,362.7200012207031,353.0799865722656,361.4100036621094,360.19000244140625,416900.0,360.19000244140625
2021-03-31,376.0199890136719,363.94000244140625,364.7099914550781,370.05999755859375,509800.0,370.05999755859375
2021-04-01,384.05999755859375,374.5899963378906,380.04998779296875,376.75,349000.0,376.75
2021-04-05,382.3800048828125,371.5199890136719,380.489990234375,377.760009765625,531000.0,377.760009765625
2021-04-06,384.6300048828125,369.82501220703125,374.3999938964844,377.9800109863281,457900.0,377.9800109863281
2021-04-07,378.2900085449219,369.7200012207031,377.82000732421875,372.0,310800.0,372.0
2021-04-08,386.2799987792969,374.31500244140625,376.8999938964844,379.0400085449219,430400.0,379.0400085449219
2021-04-09,382.6499938964844,371.1000061035156,376.8399963378906,381.2300109863281,260700.0,381.2300109863281
2021-04-12,383.6499938964844,373.9200134277344,376.5799865722656,381.010009765625,256300.0,381.010009765625
2021-04-13,393.3299865722656,382.4649963378906,383.44000244140625,389.7099914550781,295600.0,389.7099914550781
2021-04-14,402.18499755859375,384.70001220703125,391.3299865722656,386.45001220703125,267700.0,386.45001220703125
2021-04-15,400.8500061035156,388.45001220703125,388.8999938964844,398.17999267578125,508800.0,398.17999267578125
2021-04-16,400.0,394.4800109863281,400.0,398.4700012207031,262300.0,398.4700012207031
2021-04-19,401.3599853515625,388.95001220703125,396.010009765625,393.17999267578125,277700.0,393.17999267578125
2021-04-20,397.5,381.0,391.80999755859375,382.4200134277344,244900.0,382.4200134277344
2021-04-21,390.11199951171875,380.0,382.3800048828125,388.25,207100.0,388.25
2021-04-22,397.75,384.7099914550781,390.1600036621094,390.0199890136719,311000.0,390.0199890136719
2021-04-23,400.3900146484375,392.3699951171875,396.67999267578125,399.5899963378906,291200.0,399.5899963378906
2021-04-26,403.6400146484375,392.2090148925781,398.1600036621094,400.9599914550781,271100.0,400.9599914550781
2021-04-27,404.7699890136719,397.0199890136719,403.0299987792969,400.239990234375,244400.0,400.239990234375
2021-04-28,404.04998779296875,395.6099853515625,399.25,401.1000061035156,246900.0,401.1000061035156
2021-04-29,401.5299987792969,388.6499938964844,401.5299987792969,394.239990234375,277400.0,394.239990234375
2021-04-30,395.2799987792969,383.7900085449219,391.0199890136719,384.4100036621094,310500.0,384.4100036621094
2021-05-03,386.9849853515625,376.5799865722656,386.7799987792969,378.8999938964844,292300.0,378.8999938964844
2021-05-04,375.05999755859375,351.177001953125,374.0199890136719,354.29998779296875,737800.0,354.29998779296875
2021-05-05,356.0,335.7900085449219,354.4800109863281,341.0899963378906,681000.0,341.0899963378906
2021-05-06,338.5350036621094,321.2550048828125,338.3699951171875,327.1499938964844,660800.0,327.1499938964844
2021-05-07,338.79998779296875,323.2900085449219,330.760009765625,327.5799865722656,527200.0,327.5799865722656
2021-05-10,324.7200012207031,313.3500061035156,323.6199951171875,317.20001220703125,499400.0,317.20001220703125
2021-05-11,325.7149963378906,306.75,308.6300048828125,321.2900085449219,499000.0,321.2900085449219
2021-05-12,319.7099914550781,304.0400085449219,315.75,305.489990234375,549800.0,305.489990234375
2021-05-13,312.9200134277344,302.44000244140625,310.05999755859375,308.92999267578125,614700.0,308.92999267578125
2021-05-14,327.5299987792969,312.9599914550781,316.0299987792969,326.30999755859375,456500.0,326.30999755859375
2021-05-17,322.9100036621094,315.0,320.7799987792969,322.20001220703125,352000.0,322.20001220703125
2021-05-18,328.5950012207031,320.3500061035156,323.5,321.95001220703125,259000.0,321.95001220703125
2021-05-19,320.6199951171875,311.4700012207031,314.989990234375,319.95001220703125,310000.0,319.95001220703125
2021-05-20,335.5799865722656,321.0,321.010009765625,331.82000732421875,443100.0,331.82000732421875
2021-05-21,336.0780029296875,327.5799865722656,335.1400146484375,330.239990234375,367600.0,330.239990234375
2021-05-24,341.0,333.07000732421875,335.04998779296875,336.44000244140625,676700.0,336.44000244140625
2021-05-25,339.7099914550781,329.7200012207031,337.3500061035156,330.0,736100.0,330.0
2021-05-26,336.94000244140625,330.42498779296875,331.8999938964844,335.5299987792969,457700.0,335.5299987792969
2021-05-27,335.2900085449219,329.0,334.3800048828125,330.9700012207031,497500.0,330.9700012207031
2021-05-28,337.2099914550781,328.92999267578125,334.3500061035156,329.6000061035156,236000.0,329.6000061035156
2021-06-01,332.3970031738281,322.6300048828125,330.5799865722656,325.4700012207031,227200.0,325.4700012207031
2021-06-02,329.7099914550781,323.3699951171875,325.3599853515625,324.80999755859375,284700.0,324.80999755859375
2021-06-03,321.010009765625,315.44000244140625,320.2200012207031,319.4100036621094,267400.0,319.4100036621094
2021-06-04,326.8599853515625,321.19000244140625,323.5899963378906,322.2799987792969,321400.0,322.2799987792969
2021-06-07,324.3500061035156,317.0,318.0,320.239990234375,382800.0,320.239990234375
2021-06-08,329.5299987792969,322.05999755859375,324.989990234375,326.32000732421875,264600.0,326.32000732421875
2021-06-09,332.6199951171875,327.2869873046875,327.7099914550781,327.67999267578125,255300.0,327.67999267578125
2021-06-10,336.0799865722656,326.8800048828125,328.4599914550781,335.4100036621094,408400.0,335.4100036621094
2021-06-11,340.8699951171875,335.3699951171875,337.32000732421875,340.0,372300.0,340.0
2021-06-14,343.1199951171875,338.6300048828125,340.5799865722656,341.0199890136719,252400.0,341.0199890136719
2021-06-15,342.19000244140625,334.864990234375,339.8999938964844,335.1499938964844,258700.0,335.1499938964844
2021-06-16,339.4100036621094,327.0880126953125,336.2099914550781,332.489990234375,396400.0,332.489990234375
2021-06-17,349.41900634765625,330.0400085449219,330.29998779296875,348.5,646400.0,348.5
2021-06-18,355.44000244140625,344.9159851074219,347.0,352.3399963378906,693100.0,352.3399963378906
2021-06-21,358.3059997558594,347.1099853515625,351.6199951171875,356.70001220703125,261500.0,356.70001220703125
2021-06-22,362.5899963378906,355.2900085449219,356.69000244140625,361.55999755859375,255500.0,361.55999755859375
2021-06-23,366.95001220703125,361.8900146484375,363.0,365.1199951171875,323700.0,365.1199951171875
2021-06-24,370.25,366.0,368.4700012207031,367.3500061035156,242400.0,367.3500061035156
2021-06-25,370.29998779296875,365.93499755859375,369.19000244140625,368.79998779296875,369800.0,368.79998779296875
2021-06-28,375.8500061035156,365.9200134277344,372.69000244140625,373.5,276100.0,373.5
2021-06-29,376.25,370.5,374.3699951171875,373.95001220703125,233200.0,373.95001220703125
2021-06-30,373.489990234375,362.9700012207031,373.489990234375,363.4700012207031,240000.0,363.4700012207031
2021-07-01,377.2539978027344,358.80999755859375,362.1300048828125,373.5899963378906,1026600.0,373.5899963378906
2021-07-02,384.7900085449219,375.0899963378906,378.54998779296875,383.8599853515625,575400.0,383.8599853515625
2021-07-06,390.7799987792969,380.5,385.9200134277344,388.0799865722656,479900.0,388.0799865722656
2021-07-07,392.6000061035156,383.0950012207031,390.8900146484375,387.2200012207031,247400.0,387.2200012207031
2021-07-08,385.82000732421875,374.6600036621094,380.0,382.489990234375,432500.0,382.489990234375
2021-07-09,385.8399963378906,379.7699890136719,383.9100036621094,383.5899963378906,381500.0,383.5899963378906
2021-07-12,388.30999755859375,375.3999938964844,385.0,376.1300048828125,280000.0,376.1300048828125
2021-07-13,377.7300109863281,370.2699890136719,376.0,372.0199890136719,352100.0,372.0199890136719
2021-07-14,374.75,367.07000732421875,374.75,370.0,296600.0,370.0
2021-07-15,371.4549865722656,362.17999267578125,367.82000732421875,369.92999267578125,301800.0,369.92999267578125
2021-07-16,377.0,371.62799072265625,373.92999267578125,372.8500061035156,236700.0,372.8500061035156
2021-07-19,373.7449951171875,363.29998779296875,365.75,367.3999938964844,329300.0,367.3999938964844
2021-07-20,384.3999938964844,367.8800048828125,371.1099853515625,378.5899963378906,400400.0,378.5899963378906
2021-07-21,383.44000244140625,375.8900146484375,378.5799865722656,383.0199890136719,225300.0,383.0199890136719
2021-07-22,386.94000244140625,382.4800109863281,383.44000244140625,385.5400085449219,202400.0,385.5400085449219
2021-07-23,395.9200134277344,387.5299987792969,390.0,395.8999938964844,246800.0,395.8999938964844
2021-07-26,396.0,388.3399963378906,395.9200134277344,391.30999755859375,243800.0,391.30999755859375
2021-07-27,391.7950134277344,382.0799865722656,391.0,388.55999755859375,203400.0,388.55999755859375
2021-07-28,396.7950134277344,388.6549987792969,389.9800109863281,395.239990234375,168700.0,395.239990234375
2021-07-29,402.3800048828125,394.8800048828125,395.3800048828125,400.0199890136719,261700.0,400.0199890136719
2021-07-30,404.9070129394531,397.6400146484375,397.6400146484375,400.0,343400.0,400.0
2021-08-03,402.80499267578125,395.6199951171875,399.1499938964844,400.0400085449219,428200.0,400.0400085449219
2021-08-04,445.3900146484375,427.9100036621094,435.0,442.8599853515625,81630000.0,442.8599853515625
2021-08-05,457.6099853515625,444.8399963378906,447.739990234375,457.2699890136719,77200000.0,457.2699890136719
2021-08-06,466.6400146484375,454.2099914550781,455.6600036621094,466.45001220703125,58530000.0,466.45001220703125
2021-08-09,475.19500732421875,463.2099914550781,468.0,468.55999755859375,60480000.0,468.55999755859375
2021-08-10,472.489990234375,454.0849914550781,469.0400085449219,458.3399963378906,58370000.0,458.3399963378906
2021-08-11,465.7250061035156,456.9729919433594,459.2200012207031,463.67999267578125,32020000.0,463.67999267578125
2021-08-12,472.7900085449219,459.3999938964844,462.489990234375,472.54998779296875,33680000.0,472.54998779296875
2021-08-13,472.4599914550781,457.1600036621094,471.55999755859375,463.7300109863281,58670000.0,463.7300109863281
2021-08-16,462.4599914550781,458.3800048828125,461.9800109863281,458.56500244140625,103074.0,458.56500244140625
